path,line,function,async,review_scope
networkly_connectors/networkly_connectors/__init__.py,131,zero_rows_guard,False,Inventory and module triage
networkly_connectors/networkly_connectors/__init__.py,168,fetch,False,Inventory and module triage
networkly_connectors/networkly_connectors/__init__.py,201,_is_transient,False,Inventory and module triage
networkly_connectors/networkly_connectors/__init__.py,206,fetch_with_retry,False,Inventory and module triage
networkly_connectors/networkly_connectors/__init__.py,230,fetch_many,False,Inventory and module triage
networkly_connectors/networkly_connectors/__init__.py,249,fetch_many._one,False,Inventory and module triage
networkly_connectors/networkly_connectors/__init__.py,258,verify,False,Inventory and module triage
networkly_connectors/networkly_connectors/avature.py,58,_feed_url,False,Inventory and module triage
networkly_connectors/networkly_connectors/avature.py,63,_parse_items,False,Inventory and module triage
networkly_connectors/networkly_connectors/avature.py,77,_normalize,False,Inventory and module triage
networkly_connectors/networkly_connectors/avature.py,81,fetch,False,Inventory and module triage
networkly_connectors/networkly_connectors/avature.py,133,classify_url,False,Inventory and module triage
networkly_connectors/networkly_connectors/avature.py,153,verify,False,Inventory and module triage
networkly_connectors/networkly_connectors/beisen.py,32,_capture,False,Inventory and module triage
networkly_connectors/networkly_connectors/beisen.py,63,_biggest_job_list,False,Inventory and module triage
networkly_connectors/networkly_connectors/beisen.py,69,_biggest_job_list.rec,False,Inventory and module triage
networkly_connectors/networkly_connectors/beisen.py,84,_job_url,False,Inventory and module triage
networkly_connectors/networkly_connectors/beisen.py,89,_deadline,False,Inventory and module triage
networkly_connectors/networkly_connectors/beisen.py,99,_normalize,False,Inventory and module triage
networkly_connectors/networkly_connectors/beisen.py,114,fetch,False,Inventory and module triage
networkly_connectors/networkly_connectors/beisen.py,185,classify_url,False,Inventory and module triage
networkly_connectors/networkly_connectors/beisen.py,189,verify,False,Inventory and module triage
networkly_connectors/networkly_connectors/eightfold.py,28,_page_url,False,Inventory and module triage
networkly_connectors/networkly_connectors/eightfold.py,33,_posted_at,False,Inventory and module triage
networkly_connectors/networkly_connectors/eightfold.py,43,_normalize,False,Inventory and module triage
networkly_connectors/networkly_connectors/eightfold.py,60,fetch,False,Inventory and module triage
networkly_connectors/networkly_connectors/eightfold.py,126,classify_url,False,Inventory and module triage
networkly_connectors/networkly_connectors/eightfold.py,130,verify,False,Inventory and module triage
networkly_connectors/networkly_connectors/goldmansachs.py,50,_post,False,Inventory and module triage
networkly_connectors/networkly_connectors/goldmansachs.py,71,_title,False,Inventory and module triage
networkly_connectors/networkly_connectors/goldmansachs.py,80,_location,False,Inventory and module triage
networkly_connectors/networkly_connectors/goldmansachs.py,91,_normalize,False,Inventory and module triage
networkly_connectors/networkly_connectors/goldmansachs.py,103,fetch,False,Inventory and module triage
networkly_connectors/networkly_connectors/goldmansachs.py,159,classify_url,False,Inventory and module triage
networkly_connectors/networkly_connectors/goldmansachs.py,164,verify,False,Inventory and module triage
networkly_connectors/networkly_connectors/greenhouse.py,93,_normalize,False,Inventory and module triage
networkly_connectors/networkly_connectors/greenhouse.py,107,fetch,False,Inventory and module triage
networkly_connectors/networkly_connectors/greenhouse.py,163,classify_url,False,Inventory and module triage
networkly_connectors/networkly_connectors/greenhouse.py,177,verify,False,Inventory and module triage
networkly_connectors/networkly_connectors/http.py,68,_build_ssl_context,False,Inventory and module triage
networkly_connectors/networkly_connectors/http.py,94,FetchError.__init__,False,Inventory and module triage
networkly_connectors/networkly_connectors/http.py,101,_do_request,False,Inventory and module triage
networkly_connectors/networkly_connectors/http.py,127,fetch_bytes,False,Inventory and module triage
networkly_connectors/networkly_connectors/http.py,164,fetch_text,False,Inventory and module triage
networkly_connectors/networkly_connectors/http.py,232,unreadable,False,Inventory and module triage
networkly_connectors/networkly_connectors/http.py,239,bot_challenge_reason,False,Inventory and module triage
networkly_connectors/networkly_connectors/http.py,257,fetch_json,False,Inventory and module triage
networkly_connectors/networkly_connectors/http.py,275,post_json,False,Inventory and module triage
networkly_connectors/networkly_connectors/icims.py,75,_list_url,False,Inventory and module triage
networkly_connectors/networkly_connectors/icims.py,80,_parse,False,Inventory and module triage
networkly_connectors/networkly_connectors/icims.py,92,fetch,False,Inventory and module triage
networkly_connectors/networkly_connectors/icims.py,150,classify_url,False,Inventory and module triage
networkly_connectors/networkly_connectors/icims.py,155,verify,False,Inventory and module triage
networkly_connectors/networkly_connectors/lever.py,40,_posted_at,False,Inventory and module triage
networkly_connectors/networkly_connectors/lever.py,50,_normalize,False,Inventory and module triage
networkly_connectors/networkly_connectors/lever.py,62,fetch,False,Inventory and module triage
networkly_connectors/networkly_connectors/lever.py,95,classify_url,False,Inventory and module triage
networkly_connectors/networkly_connectors/lever.py,102,verify,False,Inventory and module triage
networkly_connectors/networkly_connectors/lumesse.py,56,_guest_headers,False,Inventory and module triage
networkly_connectors/networkly_connectors/lumesse.py,64,_page_url,False,Inventory and module triage
networkly_connectors/networkly_connectors/lumesse.py,70,_deadline,False,Inventory and module triage
networkly_connectors/networkly_connectors/lumesse.py,81,_description,False,Inventory and module triage
networkly_connectors/networkly_connectors/lumesse.py,91,_normalize,False,Inventory and module triage
networkly_connectors/networkly_connectors/lumesse.py,117,fetch,False,Inventory and module triage
networkly_connectors/networkly_connectors/lumesse.py,165,classify_url,False,Inventory and module triage
networkly_connectors/networkly_connectors/lumesse.py,169,verify,False,Inventory and module triage
networkly_connectors/networkly_connectors/mckinsey.py,40,_page,False,Inventory and module triage
networkly_connectors/networkly_connectors/mckinsey.py,47,_location,False,Inventory and module triage
networkly_connectors/networkly_connectors/mckinsey.py,61,_job_url,False,Inventory and module triage
networkly_connectors/networkly_connectors/mckinsey.py,70,_normalize,False,Inventory and module triage
networkly_connectors/networkly_connectors/mckinsey.py,81,fetch,False,Inventory and module triage
networkly_connectors/networkly_connectors/mckinsey.py,149,classify_url,False,Inventory and module triage
networkly_connectors/networkly_connectors/mckinsey.py,154,verify,False,Inventory and module triage
networkly_connectors/networkly_connectors/models.py,392,Connector.fetch,False,Inventory and module triage
networkly_connectors/networkly_connectors/models.py,394,Connector.verify,False,Inventory and module triage
networkly_connectors/networkly_connectors/oracle.py,127,_search,False,Inventory and module triage
networkly_connectors/networkly_connectors/oracle.py,161,_fetch_details,False,Inventory and module triage
networkly_connectors/networkly_connectors/oracle.py,199,_normalize,False,Inventory and module triage
networkly_connectors/networkly_connectors/oracle.py,220,fetch,False,Inventory and module triage
networkly_connectors/networkly_connectors/oracle.py,285,classify_url,False,Inventory and module triage
networkly_connectors/networkly_connectors/oracle.py,292,verify,False,Inventory and module triage
networkly_connectors/networkly_connectors/phenom.py,35,_payload,False,Inventory and module triage
networkly_connectors/networkly_connectors/phenom.py,48,_normalize,False,Inventory and module triage
networkly_connectors/networkly_connectors/phenom.py,63,fetch,False,Inventory and module triage
networkly_connectors/networkly_connectors/phenom.py,127,classify_url,False,Inventory and module triage
networkly_connectors/networkly_connectors/phenom.py,131,verify,False,Inventory and module triage
networkly_connectors/networkly_connectors/sitemap.py,68,_split_trailing_postal_code,False,Inventory and module triage
networkly_connectors/networkly_connectors/sitemap.py,85,register_sitemap,False,Inventory and module triage
networkly_connectors/networkly_connectors/sitemap.py,89,_rows,False,Inventory and module triage
networkly_connectors/networkly_connectors/sitemap.py,117,_sitemap_urls,False,Inventory and module triage
networkly_connectors/networkly_connectors/sitemap.py,125,fetch,False,Inventory and module triage
networkly_connectors/networkly_connectors/sitemap.py,165,classify_url,False,Inventory and module triage
networkly_connectors/networkly_connectors/sitemap.py,172,verify,False,Inventory and module triage
networkly_connectors/networkly_connectors/socgen.py,76,_location,False,Inventory and module triage
networkly_connectors/networkly_connectors/socgen.py,88,_token,False,Inventory and module triage
networkly_connectors/networkly_connectors/socgen.py,103,_query,False,Inventory and module triage
networkly_connectors/networkly_connectors/socgen.py,118,_normalize,False,Inventory and module triage
networkly_connectors/networkly_connectors/socgen.py,147,fetch,False,Inventory and module triage
networkly_connectors/networkly_connectors/socgen.py,202,classify_url,False,Inventory and module triage
networkly_connectors/networkly_connectors/socgen.py,206,verify,False,Inventory and module triage
networkly_connectors/networkly_connectors/successfactors.py,134,_text,False,Inventory and module triage
networkly_connectors/networkly_connectors/successfactors.py,139,_search_url,False,Inventory and module triage
networkly_connectors/networkly_connectors/successfactors.py,144,_stated_total,False,Inventory and module triage
networkly_connectors/networkly_connectors/successfactors.py,156,_parse,False,Inventory and module triage
networkly_connectors/networkly_connectors/successfactors.py,174,fetch,False,Inventory and module triage
networkly_connectors/networkly_connectors/successfactors.py,243,classify_url,False,Inventory and module triage
networkly_connectors/networkly_connectors/successfactors.py,250,verify,False,Inventory and module triage
networkly_connectors/networkly_connectors/talentgateway.py,55,_parse_page,False,Inventory and module triage
networkly_connectors/networkly_connectors/talentgateway.py,89,_fields,False,Inventory and module triage
networkly_connectors/networkly_connectors/talentgateway.py,93,_normalize,False,Inventory and module triage
networkly_connectors/networkly_connectors/talentgateway.py,107,fetch,False,Inventory and module triage
networkly_connectors/networkly_connectors/talentgateway.py,137,classify_url,False,Inventory and module triage
networkly_connectors/networkly_connectors/talentgateway.py,142,verify,False,Inventory and module triage
networkly_connectors/networkly_connectors/talentsoft.py,55,_normalize,False,Inventory and module triage
networkly_connectors/networkly_connectors/talentsoft.py,76,fetch,False,Inventory and module triage
networkly_connectors/networkly_connectors/talentsoft.py,110,classify_url,False,Inventory and module triage
networkly_connectors/networkly_connectors/talentsoft.py,114,verify,False,Inventory and module triage
networkly_connectors/networkly_connectors/talnet.py,166,_dmy_to_iso,False,Inventory and module triage
networkly_connectors/networkly_connectors/talnet.py,190,canonical_url,False,Inventory and module triage
networkly_connectors/networkly_connectors/talnet.py,194,_slug_title,False,Inventory and module triage
networkly_connectors/networkly_connectors/talnet.py,199,_text,False,Inventory and module triage
networkly_connectors/networkly_connectors/talnet.py,204,_parse_table,False,Inventory and module triage
networkly_connectors/networkly_connectors/talnet.py,229,_parse_cards,False,Inventory and module triage
networkly_connectors/networkly_connectors/talnet.py,268,_fetch_pages,False,Inventory and module triage
networkly_connectors/networkly_connectors/talnet.py,334,_location,False,Inventory and module triage
networkly_connectors/networkly_connectors/talnet.py,346,_normalize,False,Inventory and module triage
networkly_connectors/networkly_connectors/talnet.py,359,fetch,False,Inventory and module triage
networkly_connectors/networkly_connectors/talnet.py,405,classify_url,False,Inventory and module triage
networkly_connectors/networkly_connectors/talnet.py,412,verify,False,Inventory and module triage
networkly_connectors/networkly_connectors/workday.py,125,_deadline_from_description,False,Inventory and module triage
networkly_connectors/networkly_connectors/workday.py,145,_jobs_url,False,Inventory and module triage
networkly_connectors/networkly_connectors/workday.py,150,_fetch_page,False,Inventory and module triage
networkly_connectors/networkly_connectors/workday.py,156,_fetch_all,False,Inventory and module triage
networkly_connectors/networkly_connectors/workday.py,188,_is_transient_workday_error,False,Inventory and module triage
networkly_connectors/networkly_connectors/workday.py,213,_fetch_all_retrying,False,Inventory and module triage
networkly_connectors/networkly_connectors/workday.py,230,normalize_locations_text,False,Inventory and module triage
networkly_connectors/networkly_connectors/workday.py,270,_normalize,False,Inventory and module triage
networkly_connectors/networkly_connectors/workday.py,289,fetch,False,Inventory and module triage
networkly_connectors/networkly_connectors/workday.py,344,classify_url,False,Inventory and module triage
networkly_connectors/networkly_connectors/workday.py,406,_posting_available_from_page,False,Inventory and module triage
networkly_connectors/networkly_connectors/workday.py,420,verify,False,Inventory and module triage
networkly_domain/networkly_domain/cadence.py,412,_merged_params,False,Inventory and module triage
networkly_domain/networkly_domain/cadence.py,419,_target_window,False,Inventory and module triage
networkly_domain/networkly_domain/cadence.py,459,infer_region,False,Inventory and module triage
networkly_domain/networkly_domain/cadence.py,480,contact_region,False,Inventory and module triage
networkly_domain/networkly_domain/cadence.py,497,business_days_since,False,Inventory and module triage
networkly_domain/networkly_domain/cadence.py,511,_as_dt,False,Inventory and module triage
networkly_domain/networkly_domain/cadence.py,553,_as_date,False,Inventory and module triage
networkly_domain/networkly_domain/cadence.py,558,_touch_dt,False,Inventory and module triage
networkly_domain/networkly_domain/cadence.py,562,_firm_meta,False,Inventory and module triage
networkly_domain/networkly_domain/cadence.py,600,_coerce_tier,False,Inventory and module triage
networkly_domain/networkly_domain/cadence.py,613,_closing_soon,False,Inventory and module triage
networkly_domain/networkly_domain/cadence.py,651,due_actions,False,Inventory and module triage
networkly_domain/networkly_domain/cadence.py,785,due_actions.add,False,Inventory and module triage
networkly_domain/networkly_domain/cadence.py,1256,tasks_from_change,False,Inventory and module triage
networkly_domain/networkly_domain/cadence.py,1313,tasks_from_change.add,False,Inventory and module triage
networkly_domain/networkly_domain/cadence.py,1348,plan_task_write,False,Inventory and module triage
networkly_domain/networkly_domain/pipeline.py,262,TouchResult.__init__,False,Inventory and module triage
networkly_domain/networkly_domain/pipeline.py,276,ContactNotFound.__init__,False,Inventory and module triage
networkly_domain/networkly_domain/pipeline.py,282,_rank_case_sql,False,Inventory and module triage
networkly_domain/networkly_domain/pipeline.py,293,apply_touch,False,Inventory and module triage
networkly_domain/networkly_domain/pipeline.py,452,set_state,False,Inventory and module triage
networkly_domain/networkly_domain/scoring.py,254,_merged_params,False,Inventory and module triage
networkly_domain/networkly_domain/scoring.py,265,_clamp,False,Inventory and module triage
networkly_domain/networkly_domain/scoring.py,269,_round1,False,Inventory and module triage
networkly_domain/networkly_domain/scoring.py,277,_as_dt,False,Inventory and module triage
networkly_domain/networkly_domain/scoring.py,313,_required_as_of,False,Inventory and module triage
networkly_domain/networkly_domain/scoring.py,334,_days_between,False,Inventory and module triage
networkly_domain/networkly_domain/scoring.py,340,_touch_order,False,Inventory and module triage
networkly_domain/networkly_domain/scoring.py,358,_human_ago,False,Inventory and module triage
networkly_domain/networkly_domain/scoring.py,372,_human_until,False,Inventory and module triage
networkly_domain/networkly_domain/scoring.py,383,_inputs_hash,False,Inventory and module triage
networkly_domain/networkly_domain/scoring.py,391,_band,False,Inventory and module triage
networkly_domain/networkly_domain/scoring.py,401,_depth_level,False,Inventory and module triage
networkly_domain/networkly_domain/scoring.py,440,_score_depth,False,Inventory and module triage
networkly_domain/networkly_domain/scoring.py,444,_score_responsiveness,False,Inventory and module triage
networkly_domain/networkly_domain/scoring.py,557,_score_recency,False,Inventory and module triage
networkly_domain/networkly_domain/scoring.py,605,_seniority_from_role,False,Inventory and module triage
networkly_domain/networkly_domain/scoring.py,622,_score_leverage,False,Inventory and module triage
networkly_domain/networkly_domain/scoring.py,645,_contact_reason,False,Inventory and module triage
networkly_domain/networkly_domain/scoring.py,726,score_contact,False,Inventory and module triage
networkly_domain/networkly_domain/scoring.py,817,_score_network,False,Inventory and module triage
networkly_domain/networkly_domain/scoring.py,845,_score_momentum,False,Inventory and module triage
networkly_domain/networkly_domain/scoring.py,895,_next_firm_date,False,Inventory and module triage
networkly_domain/networkly_domain/scoring.py,923,_score_timeline,False,Inventory and module triage
networkly_domain/networkly_domain/scoring.py,989,_overlap,False,Inventory and module triage
networkly_domain/networkly_domain/scoring.py,1005,relevant_regions,False,Inventory and module triage
networkly_domain/networkly_domain/scoring.py,1026,resolve_firm_sponsors,False,Inventory and module triage
networkly_domain/networkly_domain/scoring.py,1099,needs_sponsorship,False,Inventory and module triage
networkly_domain/networkly_domain/scoring.py,1155,_score_structural,False,Inventory and module triage
networkly_domain/networkly_domain/scoring.py,1161,_score_structural.comp,False,Inventory and module triage
networkly_domain/networkly_domain/scoring.py,1192,_firm_reason,False,Inventory and module triage
networkly_domain/networkly_domain/scoring.py,1238,score_firm,False,Inventory and module triage
networkly_web/accounts/access.py,7,beta_enabled,False,Inventory and module triage
networkly_web/accounts/access.py,11,effective_plan,False,Inventory and module triage
networkly_web/accounts/access.py,18,has_individual_features,False,Inventory and module triage
networkly_web/accounts/access.py,22,sync_user_filter,False,Inventory and module triage
networkly_web/accounts/access.py,28,plan_label,False,Inventory and module triage
networkly_web/accounts/adapter.py,37,NetworklyAccountAdapter.is_open_for_signup,False,Inventory and module triage
networkly_web/accounts/adapter.py,42,NetworklyAccountAdapter.save_user,False,Inventory and module triage
networkly_web/accounts/adapter.py,47,NetworklyAccountAdapter.render_mail,False,Inventory and module triage
networkly_web/accounts/adapter.py,56,NetworklyAccountAdapter.add_message,False,Inventory and module triage
networkly_web/accounts/adapter.py,67,_deny_signup,False,Inventory and module triage
networkly_web/accounts/adapter.py,74,_verified_google_email,False,Inventory and module triage
networkly_web/accounts/adapter.py,92,NetworklySocialAccountAdapter._admission_email,False,Inventory and module triage
networkly_web/accounts/adapter.py,101,NetworklySocialAccountAdapter.pre_social_login,False,Inventory and module triage
networkly_web/accounts/adapter.py,111,NetworklySocialAccountAdapter.is_open_for_signup,False,Inventory and module triage
networkly_web/accounts/adapter.py,117,NetworklySocialAccountAdapter.save_user,False,Inventory and module triage
networkly_web/accounts/adapter.py,122,NetworklySocialAccountAdapter.save_user.create_user,False,Inventory and module triage
networkly_web/accounts/admin.py,124,BetaInvitationForm.clean_email,False,Inventory and module triage
networkly_web/accounts/admin.py,137,BetaInvitationAdmin.has_delete_permission,False,Inventory and module triage
networkly_web/accounts/admin.py,140,BetaInvitationAdmin.has_change_permission,False,Inventory and module triage
networkly_web/accounts/admin.py,143,BetaInvitationAdmin.get_fields,False,Inventory and module triage
networkly_web/accounts/admin.py,146,BetaInvitationAdmin.get_readonly_fields,False,Inventory and module triage
networkly_web/accounts/admin.py,149,BetaInvitationAdmin.changeform_view,False,Inventory and module triage
networkly_web/accounts/admin.py,156,BetaInvitationAdmin.save_model,False,Inventory and module triage
networkly_web/accounts/apps.py,8,AccountsConfig.ready,False,Inventory and module triage
networkly_web/accounts/beta.py,34,normalize_email,False,Inventory and module triage
networkly_web/accounts/beta.py,40,email_fingerprint,False,Inventory and module triage
networkly_web/accounts/beta.py,44,beta_limit,False,Inventory and module triage
networkly_web/accounts/beta.py,49,registry_lock,False,Inventory and module triage
networkly_web/accounts/beta.py,58,_existing_users,False,Inventory and module triage
networkly_web/accounts/beta.py,62,capacity_status,False,Inventory and module triage
networkly_web/accounts/beta.py,70,_snapshot_existing_users,False,Inventory and module triage
networkly_web/accounts/beta.py,85,validate_invitation,False,Inventory and module triage
networkly_web/accounts/beta.py,99,invite_emails,False,Inventory and module triage
networkly_web/accounts/beta.py,115,check_admission,False,Inventory and module triage
networkly_web/accounts/beta.py,135,claim_invitation,False,Inventory and module triage
networkly_web/accounts/beta.py,150,anonymize_user_seats,False,Inventory and module triage
networkly_web/accounts/forms.py,147,affiliation_is_long,False,Inventory and module triage
networkly_web/accounts/forms.py,152,affiliation_lines,False,Inventory and module triage
networkly_web/accounts/forms.py,189,_stale_cycle_label,False,Inventory and module triage
networkly_web/accounts/forms.py,239,known_timezones,False,Inventory and module triage
networkly_web/accounts/forms.py,254,timezone_choices,False,Inventory and module triage
networkly_web/accounts/forms.py,394,ProfileForm.__init__,False,Inventory and module triage
networkly_web/accounts/forms.py,448,ProfileForm.clean_avatar,False,Inventory and module triage
networkly_web/accounts/forms.py,517,ProfileForm.from_user,False,Inventory and module triage
networkly_web/accounts/forms.py,553,ProfileForm.clean_school_emails,False,Inventory and module triage
networkly_web/accounts/forms.py,611,ProfileForm.affiliation_word_max,False,Inventory and module triage
networkly_web/accounts/forms.py,617,ProfileForm.affiliation_long_note,False,Inventory and module triage
networkly_web/accounts/forms.py,621,ProfileForm.shape_report,False,Inventory and module triage
networkly_web/accounts/forms.py,642,ProfileForm.saved_long_ties,False,Inventory and module triage
networkly_web/accounts/forms.py,660,ProfileForm.saved_shape_token,False,Inventory and module triage
networkly_web/accounts/forms.py,672,ProfileForm.clean_affiliations,False,Inventory and module triage
networkly_web/accounts/forms.py,701,ProfileForm.clean_timezone,False,Inventory and module triage
networkly_web/accounts/forms.py,714,ProfileForm.apply_to,False,Inventory and module triage
networkly_web/accounts/forms.py,761,ProfileForm.apply_to.remove_unreferenced_avatar,False,Inventory and module triage
networkly_web/accounts/forms.py,797,SectionForm.from_user,False,Inventory and module triage
networkly_web/accounts/forms.py,802,SectionForm.initial_for,False,Inventory and module triage
networkly_web/accounts/forms.py,805,SectionForm.apply_to,False,Inventory and module triage
networkly_web/accounts/forms.py,826,WorkAuthorizationForm.__init__,False,Inventory and module triage
networkly_web/accounts/forms.py,853,WorkAuthorizationForm.initial_for,False,Inventory and module triage
networkly_web/accounts/forms.py,861,WorkAuthorizationForm.rows,False,Inventory and module triage
networkly_web/accounts/forms.py,865,WorkAuthorizationForm.apply_to,False,Inventory and module triage
networkly_web/accounts/forms.py,967,DefaultingRadioSelect.__init__,False,Inventory and module triage
networkly_web/accounts/forms.py,971,DefaultingRadioSelect.format_value,False,Inventory and module triage
networkly_web/accounts/forms.py,976,DefaultingRadioSelect.create_option,False,Inventory and module triage
networkly_web/accounts/forms.py,1036,CadenceForm.__init__,False,Inventory and module triage
networkly_web/accounts/forms.py,1092,CadenceForm.initial_for,False,Inventory and module triage
networkly_web/accounts/forms.py,1125,CadenceForm.rows,False,Inventory and module triage
networkly_web/accounts/forms.py,1161,CadenceForm.apply_to,False,Inventory and module triage
networkly_web/accounts/forms.py,1221,WeeklyPaceForm.initial_for,False,Inventory and module triage
networkly_web/accounts/forms.py,1224,WeeklyPaceForm.apply_to,False,Inventory and module triage
networkly_web/accounts/forms.py,1261,NotificationsForm.initial_for,False,Inventory and module triage
networkly_web/accounts/forms.py,1264,NotificationsForm.apply_to,False,Inventory and module triage
networkly_web/accounts/management/commands/beta_invite.py,12,Command.add_arguments,False,Inventory and module triage
networkly_web/accounts/management/commands/beta_invite.py,15,Command.handle,False,Inventory and module triage
networkly_web/accounts/management/commands/generate_vapid_keys.py,34,Command.handle,False,Inventory and module triage
networkly_web/accounts/management/commands/pro_trial_expire.py,78,Command.handle,False,Inventory and module triage
networkly_web/accounts/management/commands/seed_demo.py,59,demo_cycle,False,Inventory and module triage
networkly_web/accounts/management/commands/seed_demo.py,93,Command.handle,False,Inventory and module triage
networkly_web/accounts/management/commands/seed_demo.py,143,Command.handle.contact,False,Inventory and module triage
networkly_web/accounts/management/commands/seed_demo.py,156,Command.handle.touch,False,Inventory and module triage
networkly_web/accounts/management/commands/send_deadline_push_alerts.py,82,_local_today,False,Inventory and module triage
networkly_web/accounts/management/commands/send_deadline_push_alerts.py,99,_due_rows,False,Inventory and module triage
networkly_web/accounts/management/commands/send_deadline_push_alerts.py,131,_notification_text,False,Inventory and module triage
networkly_web/accounts/management/commands/send_deadline_push_alerts.py,143,Command.add_arguments,False,Inventory and module triage
networkly_web/accounts/management/commands/send_deadline_push_alerts.py,156,Command.handle,False,Inventory and module triage
networkly_web/accounts/middleware.py,34,activate_for_user,False,Inventory and module triage
networkly_web/accounts/middleware.py,68,TimezoneMiddleware.__init__,False,Inventory and module triage
networkly_web/accounts/middleware.py,71,TimezoneMiddleware.__call__,False,Inventory and module triage
networkly_web/accounts/models.py,74,UserManager._create_user,False,Inventory and module triage
networkly_web/accounts/models.py,83,UserManager.create_user,False,Inventory and module triage
networkly_web/accounts/models.py,88,UserManager.create_superuser,False,Inventory and module triage
networkly_web/accounts/models.py,305,User.__str__,False,Inventory and module triage
networkly_web/accounts/models.py,308,User.save,False,Inventory and module triage
networkly_web/accounts/models.py,354,PushSubscription.__str__,False,Inventory and module triage
networkly_web/accounts/models.py,359,BetaInvitationQuerySet.delete,False,Inventory and module triage
networkly_web/accounts/models.py,387,BetaInvitation.__str__,False,Inventory and module triage
networkly_web/accounts/models.py,390,BetaInvitation.delete,False,Inventory and module triage
networkly_web/accounts/models.py,396,preserve_deleted_beta_seat,False,Inventory and module triage
networkly_web/accounts/onboarding_preview.py,51,_campus,False,Inventory and module triage
networkly_web/accounts/onboarding_preview.py,65,read_answers,False,Inventory and module triage
networkly_web/accounts/onboarding_preview.py,131,_matching,False,Inventory and module triage
networkly_web/accounts/onboarding_preview.py,182,_narrowed_by,False,Inventory and module triage
networkly_web/accounts/onboarding_preview.py,199,_phrase,False,Inventory and module triage
networkly_web/accounts/onboarding_preview.py,231,profile_preview,False,Inventory and module triage
networkly_web/accounts/onboarding_preview.py,336,work_preview,False,Inventory and module triage
networkly_web/accounts/onboarding_preview.py,415,firms_preview,False,Inventory and module triage
networkly_web/accounts/onboarding_preview.py,449,import_preview,False,Inventory and module triage
networkly_web/accounts/onboarding_preview.py,471,build,False,Inventory and module triage
networkly_web/accounts/push.py,71,is_allowed_endpoint,False,Inventory and module triage
networkly_web/accounts/push.py,104,is_configured,False,Inventory and module triage
networkly_web/accounts/push.py,111,send_notification,False,Inventory and module triage
networkly_web/accounts/services.py,71,sign_out_other_sessions,False,Inventory and module triage
networkly_web/accounts/services.py,102,set_target_firms,False,Inventory and module triage
networkly_web/accounts/services.py,155,_norm,False,Inventory and module triage
networkly_web/accounts/services.py,178,normalize_firm_name,False,Inventory and module triage
networkly_web/accounts/services.py,208,_build_column_map,False,Inventory and module triage
networkly_web/accounts/services.py,261,ImportResult.skipped,False,Inventory and module triage
networkly_web/accounts/services.py,264,ImportResult.as_stats,False,Inventory and module triage
networkly_web/accounts/services.py,276,_firm_lookup,False,Inventory and module triage
networkly_web/accounts/services.py,301,match_firm_text,False,Inventory and module triage
networkly_web/accounts/services.py,324,_guess_firm,False,Inventory and module triage
networkly_web/accounts/services.py,341,_group_unmatched_firms,False,Inventory and module triage
networkly_web/accounts/services.py,367,parse_contacts_csv,False,Inventory and module triage
networkly_web/accounts/services.py,494,import_contacts,False,Inventory and module triage
networkly_web/accounts/services.py,536,link_contacts_to_firm,False,Inventory and module triage
networkly_web/accounts/services.py,577,import_template_csv,False,Inventory and module triage
networkly_web/accounts/services.py,737,_firm_label,False,Inventory and module triage
networkly_web/accounts/services.py,741,_json_cell,False,Inventory and module triage
networkly_web/accounts/services.py,749,_dt,False,Inventory and module triage
networkly_web/accounts/services.py,764,_neutralise_tab_or_cr_lead,False,Inventory and module triage
networkly_web/accounts/services.py,783,_csv,False,Inventory and module triage
networkly_web/accounts/services.py,802,contacts_csv,False,Inventory and module triage
networkly_web/accounts/services.py,816,touches_csv,False,Inventory and module triage
networkly_web/accounts/services.py,836,firms_csv,False,Inventory and module triage
networkly_web/accounts/services.py,848,applications_csv,False,Inventory and module triage
networkly_web/accounts/services.py,874,tasks_csv,False,Inventory and module triage
networkly_web/accounts/services.py,888,play_dismissals_csv,False,Inventory and module triage
networkly_web/accounts/services.py,911,bench_dismissals_csv,False,Inventory and module triage
networkly_web/accounts/services.py,935,campaigns_csv,False,Inventory and module triage
networkly_web/accounts/services.py,953,campaign_contacts_csv,False,Inventory and module triage
networkly_web/accounts/services.py,975,contact_merges_csv,False,Inventory and module triage
networkly_web/accounts/services.py,999,contact_proposals_csv,False,Inventory and module triage
networkly_web/accounts/services.py,1020,application_events_csv,False,Inventory and module triage
networkly_web/accounts/services.py,1046,mail_facts_csv,False,Inventory and module triage
networkly_web/accounts/services.py,1068,autopilot_runs_csv,False,Inventory and module triage
networkly_web/accounts/services.py,1086,autopilot_decisions_csv,False,Inventory and module triage
networkly_web/accounts/services.py,1112,chat_debriefs_csv,False,Inventory and module triage
networkly_web/accounts/services.py,1130,fit_scores_csv,False,Inventory and module triage
networkly_web/accounts/services.py,1160,imports_csv,False,Inventory and module triage
networkly_web/accounts/services.py,1171,product_events_csv,False,Inventory and module triage
networkly_web/accounts/services.py,1182,calendar_events_csv,False,Inventory and module triage
networkly_web/accounts/services.py,1198,chat_folders_csv,False,Inventory and module triage
networkly_web/accounts/services.py,1203,chat_conversations_csv,False,Inventory and module triage
networkly_web/accounts/services.py,1214,chat_messages_csv,False,Inventory and module triage
networkly_web/accounts/services.py,1234,beta_invitation_csv,False,Inventory and module triage
networkly_web/accounts/services.py,1240,assistant_turns_csv,False,Inventory and module triage
networkly_web/accounts/services.py,1249,advisor_memories_csv,False,Inventory and module triage
networkly_web/accounts/services.py,1254,daily_briefs_csv,False,Inventory and module triage
networkly_web/accounts/services.py,1262,gmail_connection_csv,False,Inventory and module triage
networkly_web/accounts/services.py,1273,gcal_connection_csv,False,Inventory and module triage
networkly_web/accounts/services.py,1284,push_subscriptions_csv,False,Inventory and module triage
networkly_web/accounts/services.py,1289,credit_ledger_csv,False,Inventory and module triage
networkly_web/accounts/services.py,1302,pro_waitlist_csv,False,Inventory and module triage
networkly_web/accounts/services.py,1316,profile_csv,False,Inventory and module triage
networkly_web/accounts/services.py,1432,export_manifest,False,Inventory and module triage
networkly_web/accounts/services.py,1438,_export_readme,False,Inventory and module triage
networkly_web/accounts/services.py,1456,export_zip,False,Inventory and module triage
networkly_web/accounts/services.py,1554,delete_user_and_data,False,Inventory and module triage
networkly_web/accounts/services.py,1586,delete_user_and_data.remove_avatar,False,Inventory and module triage
networkly_web/accounts/signals.py,20,record_signup,False,Inventory and module triage
networkly_web/accounts/trials.py,72,email_is_configured,False,Inventory and module triage
networkly_web/accounts/trials.py,82,start_trial_if_eligible,False,Inventory and module triage
networkly_web/accounts/trials.py,113,trial_days_left,False,Inventory and module triage
networkly_web/accounts/trials.py,138,trial_ended_notice,False,Inventory and module triage
networkly_web/accounts/trials.py,168,dismiss_trial_ended_notice,False,Inventory and module triage
networkly_web/accounts/trials.py,179,send_trial_ended_email,False,Inventory and module triage
networkly_web/accounts/trials.py,222,reset_free_rescan_throttle,False,Inventory and module triage
networkly_web/accounts/unsubscribe.py,51,make_token,False,Inventory and module triage
networkly_web/accounts/unsubscribe.py,56,read_token,False,Inventory and module triage
networkly_web/accounts/unsubscribe.py,72,apply_flag,False,Inventory and module triage
networkly_web/accounts/views.py,132,_step_url,False,Inventory and module triage
networkly_web/accounts/views.py,136,_next_step,False,Inventory and module triage
networkly_web/accounts/views.py,145,_bound_profile_form,False,Inventory and module triage
networkly_web/accounts/views.py,173,_apply_profile,False,Inventory and module triage
networkly_web/accounts/views.py,206,onboarding,False,Inventory and module triage
networkly_web/accounts/views.py,328,_account_email_row,False,Inventory and module triage
networkly_web/accounts/views.py,349,_unverified_email,False,Inventory and module triage
networkly_web/accounts/views.py,371,onboarding_preview_view,False,Inventory and module triage
networkly_web/accounts/views.py,420,_split_by_declared_profile,False,Inventory and module triage
networkly_web/accounts/views.py,442,_firm_picker_context,False,Inventory and module triage
networkly_web/accounts/views.py,466,_target_firms_context,False,Inventory and module triage
networkly_web/accounts/views.py,510,import_contacts,False,Inventory and module triage
networkly_web/accounts/views.py,548,import_link_firm,False,Inventory and module triage
networkly_web/accounts/views.py,576,import_template,False,Inventory and module triage
networkly_web/accounts/views.py,585,_gmail_live_context,False,Inventory and module triage
networkly_web/accounts/views.py,642,_gcal_context,False,Inventory and module triage
networkly_web/accounts/views.py,675,_credits_context,False,Inventory and module triage
networkly_web/accounts/views.py,710,dismiss_trial_notice,False,Inventory and module triage
networkly_web/accounts/views.py,726,settings_view,False,Inventory and module triage
networkly_web/accounts/views.py,914,_security_context,False,Inventory and module triage
networkly_web/accounts/views.py,942,export,False,Inventory and module triage
networkly_web/accounts/views.py,979,_csv_download,False,Inventory and module triage
networkly_web/accounts/views.py,1002,signout_other_sessions,False,Inventory and module triage
networkly_web/accounts/views.py,1047,_deletion_receipt,False,Inventory and module triage
networkly_web/accounts/views.py,1063,delete_account,False,Inventory and module triage
networkly_web/accounts/views.py,1089,timezone_detect,False,Inventory and module triage
networkly_web/accounts/views.py,1133,push_subscribe,False,Inventory and module triage
networkly_web/accounts/views.py,1214,push_unsubscribe,False,Inventory and module triage
networkly_web/accounts/views.py,1256,digest_unsubscribe,False,Inventory and module triage
networkly_web/accounts/views.py,1291,privacy,False,Inventory and module triage
networkly_web/accounts/views.py,1296,terms,False,Inventory and module triage
networkly_web/accounts/views.py,1315,_universities,False,Inventory and module triage
networkly_web/accounts/views.py,1322,university_search,False,Inventory and module triage
networkly_web/analytics/events.py,26,record_event,False,Inventory and module triage
networkly_web/analytics/models.py,39,UserOpportunity.__str__,False,Inventory and module triage
networkly_web/analytics/models.py,66,FitScore.__str__,False,Inventory and module triage
networkly_web/analytics/models.py,91,ProductEvent.__str__,False,Inventory and module triage
networkly_web/analytics/models.py,106,Import.__str__,False,Inventory and module triage
networkly_web/analytics/views.py,74,_pilot_rows,False,Inventory and module triage
networkly_web/analytics/views.py,149,_pilot_drilldown,False,Inventory and module triage
networkly_web/analytics/views.py,183,dashboard,False,Inventory and module triage
networkly_web/assistant/agent.py,221,_labels,False,Inventory and module triage
networkly_web/assistant/agent.py,233,_optional_text,False,Inventory and module triage
networkly_web/assistant/agent.py,252,_work_auth_clause,False,Inventory and module triage
networkly_web/assistant/agent.py,282,_cadence_clause,False,Inventory and module triage
networkly_web/assistant/agent.py,316,build_preamble,False,Inventory and module triage
networkly_web/assistant/agent.py,388,_system_blocks,False,Inventory and module triage
networkly_web/assistant/agent.py,405,_replayable,False,Inventory and module triage
networkly_web/assistant/agent.py,431,_api_messages,False,Inventory and module triage
networkly_web/assistant/agent.py,469,_repair_interrupted_tools,False,Inventory and module triage
networkly_web/assistant/agent.py,497,_tool_calls_used,False,Inventory and module triage
networkly_web/assistant/agent.py,511,daily_cap,False,Inventory and module triage
networkly_web/assistant/agent.py,515,_log_usage,False,Inventory and module triage
networkly_web/assistant/agent.py,540,messages_sent_today,False,Inventory and module triage
networkly_web/assistant/agent.py,552,_credit_block_notice,False,Inventory and module triage
networkly_web/assistant/agent.py,584,_notice,False,Inventory and module triage
networkly_web/assistant/agent.py,594,_save,False,Inventory and module triage
networkly_web/assistant/agent.py,599,_save_turn_reply,False,Inventory and module triage
networkly_web/assistant/agent.py,629,_final_blocks,False,Inventory and module triage
networkly_web/assistant/agent.py,644,_ending_notice,False,Inventory and module triage
networkly_web/assistant/agent.py,670,reject_attachments,False,Inventory and module triage
networkly_web/assistant/agent.py,701,_ai_title,False,Inventory and module triage
networkly_web/assistant/agent.py,766,_retitle_if_first_message,False,Inventory and module triage
networkly_web/assistant/agent.py,784,run_turn,False,Inventory and module triage
networkly_web/assistant/agent.py,1004,stream_turn,False,Inventory and module triage
networkly_web/assistant/agent.py,1256,tool_labels,False,Inventory and module triage
networkly_web/assistant/agent.py,1265,_as_dict,False,Inventory and module triage
networkly_web/assistant/attachments.py,55,_kind_for,False,Inventory and module triage
networkly_web/assistant/attachments.py,67,blocks_for,False,Inventory and module triage
networkly_web/assistant/attachments.py,137,strip_private_fields,False,Inventory and module triage
networkly_web/assistant/attachments.py,150,stub_old_blocks,False,Inventory and module triage
networkly_web/assistant/brief.py,111,_fact,False,Inventory and module triage
networkly_web/assistant/brief.py,133,_no_em_dashes,False,Inventory and module triage
networkly_web/assistant/brief.py,173,_as_date,False,Inventory and module triage
networkly_web/assistant/brief.py,189,_dated,False,Inventory and module triage
networkly_web/assistant/brief.py,286,_quiet_day_message,False,Inventory and module triage
networkly_web/assistant/brief.py,302,_summarize_actions,False,Inventory and module triage
networkly_web/assistant/brief.py,362,_summarize_situation,False,Inventory and module triage
networkly_web/assistant/brief.py,426,_age_phrase,False,Inventory and module triage
networkly_web/assistant/brief.py,510,_boldable,False,Inventory and module triage
networkly_web/assistant/brief.py,534,_spellings,False,Inventory and module triage
networkly_web/assistant/brief.py,546,_known_names,False,Inventory and module triage
networkly_web/assistant/brief.py,567,_bold_known_names,False,Inventory and module triage
networkly_web/assistant/brief.py,607,_capped,False,Inventory and module triage
networkly_web/assistant/brief.py,626,_live_contact_ids,False,Inventory and module triage
networkly_web/assistant/brief.py,636,_ordered_contact_ids,False,Inventory and module triage
networkly_web/assistant/brief.py,651,_cache_text,False,Inventory and module triage
networkly_web/assistant/brief.py,681,_is_stale,False,Inventory and module triage
networkly_web/assistant/brief.py,762,get_cached,False,Inventory and module triage
networkly_web/assistant/brief.py,814,is_pending,False,Inventory and module triage
networkly_web/assistant/brief.py,831,_summarize_gaps,False,Inventory and module triage
networkly_web/assistant/brief.py,851,get_or_build,False,Inventory and module triage
networkly_web/assistant/client.py,36,is_configured,False,Inventory and module triage
networkly_web/assistant/client.py,40,get_client,False,Inventory and module triage
networkly_web/assistant/confirmation.py,18,approved_settings,False,Inventory and module triage
networkly_web/assistant/drafts.py,87,flag_reason,False,Inventory and module triage
networkly_web/assistant/drafts.py,99,_as_prose,False,Inventory and module triage
networkly_web/assistant/drafts.py,111,_parse_info,False,Inventory and module triage
networkly_web/assistant/drafts.py,133,_parse_body,False,Inventory and module triage
networkly_web/assistant/drafts.py,155,split,False,Inventory and module triage
networkly_web/assistant/drafts.py,210,marker_for,False,Inventory and module triage
networkly_web/assistant/lifecycle.py,13,require_active_user,False,Inventory and module triage
networkly_web/assistant/locks.py,16,ConversationLock.__init__,False,Inventory and module triage
networkly_web/assistant/locks.py,24,ConversationLock.__enter__,False,Inventory and module triage
networkly_web/assistant/locks.py,48,ConversationLock.ensure_owned,False,Inventory and module triage
networkly_web/assistant/locks.py,55,ConversationLock.__exit__,False,Inventory and module triage
networkly_web/assistant/management/commands/assistant_reconcile.py,13,Command.add_arguments,False,Inventory and module triage
networkly_web/assistant/management/commands/assistant_reconcile.py,19,Command.handle,False,Inventory and module triage
networkly_web/assistant/metering.py,18,finish_reservation,False,Inventory and module triage
networkly_web/assistant/metering.py,53,TurnCharge.__init__,False,Inventory and module triage
networkly_web/assistant/metering.py,58,TurnCharge.ensure_owned,False,Inventory and module triage
networkly_web/assistant/metering.py,62,TurnCharge.reserve,False,Inventory and module triage
networkly_web/assistant/metering.py,80,TurnCharge.refund,False,Inventory and module triage
networkly_web/assistant/metering.py,85,TurnCharge.keep,False,Inventory and module triage
networkly_web/assistant/metering.py,91,TurnCharge.__exit__,False,Inventory and module triage
networkly_web/assistant/metering.py,96,_check_conversation,False,Inventory and module triage
networkly_web/assistant/metering.py,102,charge_turn,False,Inventory and module triage
networkly_web/assistant/metering.py,104,charge_turn.wrapped,False,Inventory and module triage
networkly_web/assistant/metering.py,106,charge_turn.wrapped.inactive,False,Inventory and module triage
networkly_web/assistant/metering.py,135,charge_stream,False,Inventory and module triage
networkly_web/assistant/metering.py,137,charge_stream.wrapped,False,Inventory and module triage
networkly_web/assistant/mismatch.py,122,_firms_named,False,Inventory and module triage
networkly_web/assistant/mismatch.py,126,_recipient_firm_aliases,False,Inventory and module triage
networkly_web/assistant/mismatch.py,138,_greeting_names,False,Inventory and module triage
networkly_web/assistant/mismatch.py,142,_name_tokens,False,Inventory and module triage
networkly_web/assistant/mismatch.py,146,mismatch_reason,False,Inventory and module triage
networkly_web/assistant/models.py,50,ChatFolder.__str__,False,Inventory and module triage
networkly_web/assistant/models.py,78,ChatConversation.__str__,False,Inventory and module triage
networkly_web/assistant/models.py,111,ChatMessage.__str__,False,Inventory and module triage
networkly_web/assistant/models.py,116,ChatMessage.blocks,False,Inventory and module triage
networkly_web/assistant/models.py,120,ChatMessage.text,False,Inventory and module triage
networkly_web/assistant/models.py,129,ChatMessage.attachment_names,False,Inventory and module triage
networkly_web/assistant/models.py,141,ChatMessage.tool_names,False,Inventory and module triage
networkly_web/assistant/models.py,149,ChatMessage.is_tool_result,False,Inventory and module triage
networkly_web/assistant/models.py,182,AdvisorMemory.__str__,False,Inventory and module triage
networkly_web/assistant/models.py,247,DailyBrief.__str__,False,Inventory and module triage
networkly_web/assistant/plans.py,44,model_label,False,Inventory and module triage
networkly_web/assistant/plans.py,66,PlanLimits.label,False,Inventory and module triage
networkly_web/assistant/plans.py,71,PlanLimits.model_short,False,Inventory and module triage
networkly_web/assistant/plans.py,75,plan_of,False,Inventory and module triage
networkly_web/assistant/plans.py,80,limits_for,False,Inventory and module triage
networkly_web/assistant/recovery.py,16,reconcile_reservations,False,Inventory and module triage
networkly_web/assistant/situation.py,177,_parse_date,False,Inventory and module triage
networkly_web/assistant/situation.py,191,_deadline_source,False,Inventory and module triage
networkly_web/assistant/situation.py,213,_deadline_moved_events,False,Inventory and module triage
networkly_web/assistant/situation.py,271,_display_location,False,Inventory and module triage
networkly_web/assistant/situation.py,310,_drop_advanced_levels,False,Inventory and module triage
networkly_web/assistant/situation.py,335,_new_role_events,False,Inventory and module triage
networkly_web/assistant/situation.py,496,build_situation,False,Inventory and module triage
networkly_web/assistant/templatetags/assistant_extras.py,26,chat_format,False,Inventory and module triage
networkly_web/assistant/tools.py,239,SettingsConfirmationRequired.__init__,False,Inventory and module triage
networkly_web/assistant/tools.py,244,_s,False,Inventory and module triage
networkly_web/assistant/tools.py,250,_limit,False,Inventory and module triage
networkly_web/assistant/tools.py,258,_iso,False,Inventory and module triage
networkly_web/assistant/tools.py,262,_deadline_source,False,Inventory and module triage
networkly_web/assistant/tools.py,283,_today,False,Inventory and module triage
networkly_web/assistant/tools.py,291,_days_since,False,Inventory and module triage
networkly_web/assistant/tools.py,312,_firm_name,False,Inventory and module triage
networkly_web/assistant/tools.py,323,_schema,False,Inventory and module triage
networkly_web/assistant/tools.py,830,_get_today_queue,False,Inventory and module triage
networkly_web/assistant/tools.py,902,_search_contacts,False,Inventory and module triage
networkly_web/assistant/tools.py,1008,_reply_gaps,False,Inventory and module triage
networkly_web/assistant/tools.py,1032,_median_days,False,Inventory and module triage
networkly_web/assistant/tools.py,1045,_get_contact,False,Inventory and module triage
networkly_web/assistant/tools.py,1131,_search_opportunities,False,Inventory and module triage
networkly_web/assistant/tools.py,1181,_search_opportunities._row,False,Inventory and module triage
networkly_web/assistant/tools.py,1202,_get_firm,False,Inventory and module triage
networkly_web/assistant/tools.py,1304,_get_my_firms,False,Inventory and module triage
networkly_web/assistant/tools.py,1380,_get_calendar,False,Inventory and module triage
networkly_web/assistant/tools.py,1434,_get_my_pipeline,False,Inventory and module triage
networkly_web/assistant/tools.py,1473,_get_situation,False,Inventory and module triage
networkly_web/assistant/tools.py,1540,_nth_weekday,False,Inventory and module triage
networkly_web/assistant/tools.py,1549,_last_weekday,False,Inventory and module triage
networkly_web/assistant/tools.py,1560,_labor_day,False,Inventory and module triage
networkly_web/assistant/tools.py,1564,_mlk_day,False,Inventory and module triage
networkly_web/assistant/tools.py,1568,_memorial_day,False,Inventory and module triage
networkly_web/assistant/tools.py,1572,_thanksgiving,False,Inventory and module triage
networkly_web/assistant/tools.py,1576,_independence_day,False,Inventory and module triage
networkly_web/assistant/tools.py,1580,_christmas,False,Inventory and module triage
networkly_web/assistant/tools.py,1584,_new_year,False,Inventory and module triage
networkly_web/assistant/tools.py,1604,_lunar_new_year,False,Inventory and module triage
networkly_web/assistant/tools.py,1621,_blackout_facts,False,Inventory and module triage
networkly_web/assistant/tools.py,1654,_date_facts,False,Inventory and module triage
networkly_web/assistant/tools.py,1743,_log_touch,False,Inventory and module triage
networkly_web/assistant/tools.py,1820,_track_opportunity,False,Inventory and module triage
networkly_web/assistant/tools.py,1923,save_memory,False,Inventory and module triage
networkly_web/assistant/tools.py,1955,_remember,False,Inventory and module triage
networkly_web/assistant/tools.py,1974,_parse_clock,False,Inventory and module triage
networkly_web/assistant/tools.py,1984,_add_calendar_event,False,Inventory and module triage
networkly_web/assistant/tools.py,2053,_add_contact,False,Inventory and module triage
networkly_web/assistant/tools.py,2177,_override_note,False,Inventory and module triage
networkly_web/assistant/tools.py,2202,_set_contact_status,False,Inventory and module triage
networkly_web/assistant/tools.py,2307,_blank,False,Inventory and module triage
networkly_web/assistant/tools.py,2311,_int_setting,False,Inventory and module triage
networkly_web/assistant/tools.py,2321,_csv_setting,False,Inventory and module triage
networkly_web/assistant/tools.py,2347,_bool_setting,False,Inventory and module triage
networkly_web/assistant/tools.py,2356,_setting_display,False,Inventory and module triage
networkly_web/assistant/tools.py,2375,_apply_setting,False,Inventory and module triage
networkly_web/assistant/tools.py,2478,_update_settings,False,Inventory and module triage
networkly_web/assistant/tools.py,2562,execute,False,Inventory and module triage
networkly_web/assistant/views.py,85,_current_conversation,False,Inventory and module triage
networkly_web/assistant/views.py,107,_thread_rows,False,Inventory and module triage
networkly_web/assistant/views.py,173,_decorate_drafts,False,Inventory and module triage
networkly_web/assistant/views.py,230,_draft_segments,False,Inventory and module triage
networkly_web/assistant/views.py,253,_conversations,False,Inventory and module triage
networkly_web/assistant/views.py,280,_history_context,False,Inventory and module triage
networkly_web/assistant/views.py,304,_context,False,Inventory and module triage
networkly_web/assistant/views.py,330,_posted_int,False,Inventory and module triage
networkly_web/assistant/views.py,338,_posted_conversation_id,False,Inventory and module triage
networkly_web/assistant/views.py,349,_about_prefill,False,Inventory and module triage
networkly_web/assistant/views.py,434,chat,False,Inventory and module triage
networkly_web/assistant/views.py,454,send,False,Inventory and module triage
networkly_web/assistant/views.py,488,_editable_message_id,False,Inventory and module triage
networkly_web/assistant/views.py,516,_sse,False,Inventory and module triage
networkly_web/assistant/views.py,533,_sse.frames,False,Inventory and module triage
networkly_web/assistant/views.py,606,stream,False,Inventory and module triage
networkly_web/assistant/views.py,617,_messages_after,False,Inventory and module triage
networkly_web/assistant/views.py,641,edit_message,False,Inventory and module triage
networkly_web/assistant/views.py,678,edit_message.prepare_turn,False,Inventory and module triage
networkly_web/assistant/views.py,716,history_fragment,False,Inventory and module triage
networkly_web/assistant/views.py,740,credits_fragment,False,Inventory and module triage
networkly_web/assistant/views.py,761,new_conversation,False,Inventory and module triage
networkly_web/assistant/views.py,770,rename_conversation,False,Inventory and module triage
networkly_web/assistant/views.py,785,move_conversation,False,Inventory and module triage
networkly_web/assistant/views.py,805,create_folder,False,Inventory and module triage
networkly_web/assistant/views.py,815,rename_folder,False,Inventory and module triage
networkly_web/assistant/views.py,829,delete_folder,False,Inventory and module triage
networkly_web/assistant/views.py,870,delete_conversation,False,Inventory and module triage
networkly_web/assistant/views.py,908,log_draft_touch,False,Inventory and module triage
networkly_web/assistant/views.py,968,feedback,False,Inventory and module triage
networkly_web/assistant/views.py,1004,forget_memory,False,Inventory and module triage
networkly_web/assistant/views.py,1019,remember_fact,False,Inventory and module triage
networkly_web/assistant/views.py,1049,_memory_panel,False,Inventory and module triage
networkly_web/billing/admin.py,32,CreditLedgerAdmin.has_change_permission,False,Inventory and module triage
networkly_web/billing/admin.py,35,CreditLedgerAdmin.has_delete_permission,False,Inventory and module triage
networkly_web/billing/admin.py,50,ProcessedStripeEventAdmin.has_change_permission,False,Inventory and module triage
networkly_web/billing/admin.py,53,ProcessedStripeEventAdmin.has_delete_permission,False,Inventory and module triage
networkly_web/billing/admin.py,56,ProcessedStripeEventAdmin.has_add_permission,False,Inventory and module triage
networkly_web/billing/admin.py,72,ProWaitlistAdmin.has_add_permission,False,Inventory and module triage
networkly_web/billing/credits.py,77,_plan_of,False,Inventory and module triage
networkly_web/billing/credits.py,82,_plan_config,False,Inventory and module triage
networkly_web/billing/credits.py,95,_plan_config._int_or_default,False,Inventory and module triage
networkly_web/billing/credits.py,107,plan_config,False,Inventory and module triage
networkly_web/billing/credits.py,114,rescan_threads_per_credit,False,Inventory and module triage
networkly_web/billing/credits.py,122,_resolved_zone,False,Inventory and module triage
networkly_web/billing/credits.py,141,_user_localdate,False,Inventory and module triage
networkly_web/billing/credits.py,146,_period_for,False,Inventory and module triage
networkly_web/billing/credits.py,150,_local_midnight,False,Inventory and module triage
networkly_web/billing/credits.py,161,_day_window,False,Inventory and module triage
networkly_web/billing/credits.py,184,next_refill_date,False,Inventory and module triage
networkly_web/billing/credits.py,196,_raw_balance,False,Inventory and module triage
networkly_web/billing/credits.py,231,daily_spent,False,Inventory and module triage
networkly_web/billing/credits.py,245,month_usage,False,Inventory and module triage
networkly_web/billing/credits.py,264,ensure_monthly_grant,False,Inventory and module triage
networkly_web/billing/credits.py,321,reconcile_plan_grant,False,Inventory and module triage
networkly_web/billing/credits.py,420,balance,False,Inventory and module triage
networkly_web/billing/credits.py,434,can_spend,False,Inventory and module triage
networkly_web/billing/credits.py,453,spend,False,Inventory and module triage
networkly_web/billing/credits.py,478,_spend_clamped,False,Inventory and module triage
networkly_web/billing/credits.py,534,refund,False,Inventory and module triage
networkly_web/billing/credits.py,593,affordable_residue_threads,False,Inventory and module triage
networkly_web/billing/credits.py,621,grant_purchase,False,Inventory and module triage
networkly_web/billing/credits.py,654,autopilot_rows_per_credit,False,Inventory and module triage
networkly_web/billing/credits.py,659,affordable_autopilot_rows,False,Inventory and module triage
networkly_web/billing/credits.py,679,spend_autopilot,False,Inventory and module triage
networkly_web/billing/credits.py,696,spend_rescan,False,Inventory and module triage
networkly_web/billing/models.py,133,CreditLedger.__str__,False,Inventory and module triage
networkly_web/billing/models.py,193,ProWaitlist.__str__,False,Inventory and module triage
networkly_web/billing/models.py,220,ProcessedStripeEvent.__str__,False,Inventory and module triage
networkly_web/billing/stripe_gateway.py,112,is_configured,False,Inventory and module triage
networkly_web/billing/stripe_gateway.py,119,create_checkout_session,False,Inventory and module triage
networkly_web/billing/stripe_gateway.py,157,handle_webhook_event,False,Inventory and module triage
networkly_web/billing/stripe_gateway.py,267,_mark_processed,False,Inventory and module triage
networkly_web/billing/views.py,34,checkout,False,Inventory and module triage
networkly_web/billing/views.py,72,webhook,False,Inventory and module triage
networkly_web/billing/views.py,110,_waitlist_throttled,False,Inventory and module triage
networkly_web/billing/views.py,142,waitlist_join,False,Inventory and module triage
networkly_web/capture/appmail.py,195,_domain_of,False,Inventory and module triage
networkly_web/capture/appmail.py,199,_suffix_match,False,Inventory and module triage
networkly_web/capture/appmail.py,206,sender_kind,False,Inventory and module triage
networkly_web/capture/appmail.py,223,firm_own_sender,False,Inventory and module triage
networkly_web/capture/appmail.py,430,event_label,False,Inventory and module triage
networkly_web/capture/appmail.py,434,action_label,False,Inventory and module triage
networkly_web/capture/appmail.py,502,_due_on,False,Inventory and module triage
networkly_web/capture/appmail.py,543,_snippet_of,False,Inventory and module triage
networkly_web/capture/appmail.py,551,detect,False,Inventory and module triage
networkly_web/capture/appmail.py,645,_due_for,False,Inventory and module triage
networkly_web/capture/appmail.py,673,Resolver.__init__,False,Inventory and module triage
networkly_web/capture/appmail.py,681,Resolver.names,False,Inventory and module triage
networkly_web/capture/appmail.py,694,Resolver.domains,False,Inventory and module triage
networkly_web/capture/appmail.py,702,Resolver.tracked_ids,False,Inventory and module triage
networkly_web/capture/appmail.py,714,_ngram_firm,False,Inventory and module triage
networkly_web/capture/appmail.py,740,resolve_firm,False,Inventory and module triage
networkly_web/capture/appmail.py,784,role_title,False,Inventory and module triage
networkly_web/capture/appmail.py,815,consider_finding,False,Inventory and module triage
networkly_web/capture/appmail.py,928,_still_due,False,Inventory and module triage
networkly_web/capture/appmail.py,933,_occurred_at,False,Inventory and module triage
networkly_web/capture/appmail.py,947,_rank,False,Inventory and module triage
networkly_web/capture/appmail.py,954,_advances,False,Inventory and module triage
networkly_web/capture/appmail.py,968,accept,False,Inventory and module triage
networkly_web/capture/appmail.py,1002,dismiss,False,Inventory and module triage
networkly_web/capture/appmail.py,1010,_resolve,False,Inventory and module triage
networkly_web/capture/autopilot.py,179,AutopilotError.__init__,False,Inventory and module triage
networkly_web/capture/autopilot.py,184,is_configured,False,Inventory and module triage
networkly_web/capture/autopilot.py,194,_post_json,False,Inventory and module triage
networkly_web/capture/autopilot.py,219,_extract_response_text,False,Inventory and module triage
networkly_web/capture/autopilot.py,227,_grounded,False,Inventory and module triage
networkly_web/capture/autopilot.py,239,build_context_index,False,Inventory and module triage
networkly_web/capture/autopilot.py,262,build_context_index._add,False,Inventory and module triage
networkly_web/capture/autopilot.py,297,_context_for,False,Inventory and module triage
networkly_web/capture/autopilot.py,363,mail_fact_notes,False,Inventory and module triage
networkly_web/capture/autopilot.py,416,_evidence_note,False,Inventory and module triage
networkly_web/capture/autopilot.py,446,evidence_text,False,Inventory and module triage
networkly_web/capture/autopilot.py,496,_decide_with_model,False,Inventory and module triage
networkly_web/capture/autopilot.py,530,_gate,False,Inventory and module triage
networkly_web/capture/autopilot.py,584,AutopilotReport.count,False,Inventory and module triage
networkly_web/capture/autopilot.py,588,latest_decisions,False,Inventory and module triage
networkly_web/capture/autopilot.py,609,_skip_reason,False,Inventory and module triage
networkly_web/capture/autopilot.py,642,_active_user,False,Inventory and module triage
networkly_web/capture/autopilot.py,648,run_autopilot,False,Inventory and module triage
networkly_web/capture/autopilot.py,955,StartPreview.clamped,False,Inventory and module triage
networkly_web/capture/autopilot.py,961,preview,False,Inventory and module triage
networkly_web/capture/autopilot.py,1051,today_state,False,Inventory and module triage
networkly_web/capture/autopilot.py,1082,start_run,False,Inventory and module triage
networkly_web/capture/autopilot.py,1117,claim_run,False,Inventory and module triage
networkly_web/capture/autopilot.py,1132,execute_run,False,Inventory and module triage
networkly_web/capture/autopilot.py,1170,reap_stale_runs,False,Inventory and module triage
networkly_web/capture/autopilot.py,1205,apply_run,False,Inventory and module triage
networkly_web/capture/autopilot.py,1350,apply_reviewed_through,False,Inventory and module triage
networkly_web/capture/autopilot.py,1392,undo_decision,False,Inventory and module triage
networkly_web/capture/chattime.py,135,ChatTime.books,False,Inventory and module triage
networkly_web/capture/chattime.py,340,visible_body,False,Inventory and module triage
networkly_web/capture/chattime.py,362,_strip_tags,False,Inventory and module triage
networkly_web/capture/chattime.py,374,_normalise,False,Inventory and module triage
networkly_web/capture/chattime.py,383,_normalise._pad,False,Inventory and module triage
networkly_web/capture/chattime.py,398,_sentences,False,Inventory and module triage
networkly_web/capture/chattime.py,413,_zone_for,False,Inventory and module triage
networkly_web/capture/chattime.py,424,_clock_of,False,Inventory and module triage
networkly_web/capture/chattime.py,453,_resolve_year,False,Inventory and module triage
networkly_web/capture/chattime.py,472,_date_candidates,False,Inventory and module triage
networkly_web/capture/chattime.py,549,_gap,False,Inventory and module triage
networkly_web/capture/chattime.py,557,_nearest_date,False,Inventory and module triage
networkly_web/capture/chattime.py,567,_as_utc,False,Inventory and module triage
networkly_web/capture/chattime.py,573,_user_zone,False,Inventory and module triage
networkly_web/capture/chattime.py,583,extract_chat_time,False,Inventory and module triage
networkly_web/capture/discovery.py,240,_own_institution_domains,False,Inventory and module triage
networkly_web/capture/discovery.py,334,BatchContext.__init__,False,Inventory and module triage
networkly_web/capture/discovery.py,363,FirmDomains.__init__,False,Inventory and module triage
networkly_web/capture/discovery.py,366,FirmDomains._load,False,Inventory and module triage
networkly_web/capture/discovery.py,378,FirmDomains.match,False,Inventory and module triage
networkly_web/capture/discovery.py,397,_is_transactional_domain,False,Inventory and module triage
networkly_web/capture/discovery.py,407,_localpart_words,False,Inventory and module triage
networkly_web/capture/discovery.py,412,_inverted_reading,False,Inventory and module triage
networkly_web/capture/discovery.py,531,signature_facts,False,Inventory and module triage
networkly_web/capture/discovery.py,588,_signature_role,False,Inventory and module triage
networkly_web/capture/discovery.py,610,split_display_name,False,Inventory and module triage
networkly_web/capture/discovery.py,641,display_subject,False,Inventory and module triage
networkly_web/capture/discovery.py,707,_name_tokens,False,Inventory and module triage
networkly_web/capture/discovery.py,726,names_equivalent,False,Inventory and module triage
networkly_web/capture/discovery.py,768,_name_shortening,False,Inventory and module triage
networkly_web/capture/discovery.py,792,_mailbox_parts,False,Inventory and module triage
networkly_web/capture/discovery.py,800,_org_label,False,Inventory and module triage
networkly_web/capture/discovery.py,814,_personal_localpart,False,Inventory and module triage
networkly_web/capture/discovery.py,827,routing_variant,False,Inventory and module triage
networkly_web/capture/discovery.py,864,duplicate_evidence,False,Inventory and module triage
networkly_web/capture/discovery.py,969,_names_two_directory_firms,False,Inventory and module triage
networkly_web/capture/discovery.py,996,_match_existing,False,Inventory and module triage
networkly_web/capture/discovery.py,1062,_evidence_kind,False,Inventory and module triage
networkly_web/capture/discovery.py,1106,_evidence_line,False,Inventory and module triage
networkly_web/capture/discovery.py,1124,_parse_occurred_at,False,Inventory and module triage
networkly_web/capture/discovery.py,1140,consider_finding,False,Inventory and module triage
networkly_web/capture/discovery.py,1411,school_tokens,False,Inventory and module triage
networkly_web/capture/discovery.py,1428,names_a_school,False,Inventory and module triage
networkly_web/capture/discovery.py,1437,school_firm_fields,False,Inventory and module triage
networkly_web/capture/discovery.py,1484,accept,False,Inventory and module triage
networkly_web/capture/discovery.py,1640,dismiss,False,Inventory and module triage
networkly_web/capture/discovery.py,1658,restore,False,Inventory and module triage
networkly_web/capture/discovery.py,1701,_resolve,False,Inventory and module triage
networkly_web/capture/gcal_live.py,122,is_configured,False,Inventory and module triage
networkly_web/capture/gcal_live.py,145,build_auth_url,False,Inventory and module triage
networkly_web/capture/gcal_live.py,158,_flow,False,Inventory and module triage
networkly_web/capture/gcal_live.py,170,connect_calendar,False,Inventory and module triage
networkly_web/capture/gcal_live.py,233,disconnect,False,Inventory and module triage
networkly_web/capture/gcal_live.py,261,_credentials,False,Inventory and module triage
networkly_web/capture/gcal_live.py,270,_calendar_client,False,Inventory and module triage
networkly_web/capture/gcal_live.py,277,_zone_of,False,Inventory and module triage
networkly_web/capture/gcal_live.py,298,_event_zone,False,Inventory and module triage
networkly_web/capture/gcal_live.py,318,_parse_start,False,Inventory and module triage
networkly_web/capture/gcal_live.py,377,GcalSyncResult.changed,False,Inventory and module triage
networkly_web/capture/gcal_live.py,380,GcalSyncResult.as_stats,False,Inventory and module triage
networkly_web/capture/gcal_live.py,391,GcalSyncResult.summary,False,Inventory and module triage
networkly_web/capture/gcal_live.py,407,_list_events,False,Inventory and module triage
networkly_web/capture/gcal_live.py,477,_reconcile_missing_events,False,Inventory and module triage
networkly_web/capture/gcal_live.py,541,_connection_snapshot,False,Inventory and module triage
networkly_web/capture/gcal_live.py,548,_upsert_event,False,Inventory and module triage
networkly_web/capture/gcal_live.py,716,sync_connection,False,Inventory and module triage
networkly_web/capture/gmail.py,220,SyncResult.touches_written,False,Inventory and module triage
networkly_web/capture/gmail.py,242,SyncResult.as_stats,False,Inventory and module triage
networkly_web/capture/gmail.py,312,GmailFindingsProvider.build_event,False,Inventory and module triage
networkly_web/capture/gmail.py,353,_match_contact,False,Inventory and module triage
networkly_web/capture/gmail.py,440,thread_stage_rank,False,Inventory and module triage
networkly_web/capture/gmail.py,453,_logged_recently,False,Inventory and module triage
networkly_web/capture/gmail.py,479,_outranked_later,False,Inventory and module triage
networkly_web/capture/gmail.py,530,_outbound_on_thread,False,Inventory and module triage
networkly_web/capture/gmail.py,541,_outbound_logged_near,False,Inventory and module triage
networkly_web/capture/gmail.py,560,_merge_shaped_send,False,Inventory and module triage
networkly_web/capture/gmail.py,595,_follow_up_action,False,Inventory and module triage
networkly_web/capture/gmail.py,661,_finding_occurred_at,False,Inventory and module triage
networkly_web/capture/gmail.py,688,_append_note,False,Inventory and module triage
networkly_web/capture/gmail.py,702,_note_bounce,False,Inventory and module triage
networkly_web/capture/gmail.py,709,_note_alternate_email,False,Inventory and module triage
networkly_web/capture/gmail.py,716,_record_pattern_evidence,False,Inventory and module triage
networkly_web/capture/gmail.py,751,_zone_of,False,Inventory and module triage
networkly_web/capture/gmail.py,770,_user_aware,False,Inventory and module triage
networkly_web/capture/gmail.py,792,_upsert_scheduled_chat,False,Inventory and module triage
networkly_web/capture/gmail.py,1071,_retire_cancelled_chat,False,Inventory and module triage
networkly_web/capture/gmail.py,1175,_touch_kind_for,False,Inventory and module triage
networkly_web/capture/gmail.py,1213,_bulk_already_logged,False,Inventory and module triage
networkly_web/capture/gmail.py,1241,apply_findings,False,Inventory and module triage
networkly_web/capture/gmail.py,1802,_stamp_subject,False,Inventory and module triage
networkly_web/capture/gmail.py,1830,_record,False,Inventory and module triage
networkly_web/capture/gmail_live.py,239,_excluded_by_labels,False,Inventory and module triage
networkly_web/capture/gmail_live.py,293,_ics_zone,False,Inventory and module triage
networkly_web/capture/gmail_live.py,329,is_configured,False,Inventory and module triage
networkly_web/capture/gmail_live.py,345,is_push_configured,False,Inventory and module triage
networkly_web/capture/gmail_live.py,361,token_keys,False,Inventory and module triage
networkly_web/capture/gmail_live.py,373,_fernet,False,Inventory and module triage
networkly_web/capture/gmail_live.py,405,rotate_token,False,Inventory and module triage
networkly_web/capture/gmail_live.py,416,encrypt_token,False,Inventory and module triage
networkly_web/capture/gmail_live.py,420,decrypt_token,False,Inventory and module triage
networkly_web/capture/gmail_live.py,440,_flow,False,Inventory and module triage
networkly_web/capture/gmail_live.py,468,build_auth_url,False,Inventory and module triage
networkly_web/capture/gmail_live.py,487,connect_gmail,False,Inventory and module triage
networkly_web/capture/gmail_live.py,632,_credentials,False,Inventory and module triage
networkly_web/capture/gmail_live.py,644,_require_active_user,False,Inventory and module triage
networkly_web/capture/gmail_live.py,653,_gmail_client,False,Inventory and module triage
networkly_web/capture/gmail_live.py,657,_matching_grant,False,Inventory and module triage
networkly_web/capture/gmail_live.py,668,register_watch,False,Inventory and module triage
networkly_web/capture/gmail_live.py,730,renew_watches,False,Inventory and module triage
networkly_web/capture/gmail_live.py,767,free_rescan_unlocks_at,False,Inventory and module triage
networkly_web/capture/gmail_live.py,797,process_notification,False,Inventory and module triage
networkly_web/capture/gmail_live.py,860,sync_connection,False,Inventory and module triage
networkly_web/capture/gmail_live.py,961,preview_sync,False,Inventory and module triage
networkly_web/capture/gmail_live.py,1004,_fetch_message,False,Inventory and module triage
networkly_web/capture/gmail_live.py,1034,_list_new_messages,False,Inventory and module triage
networkly_web/capture/gmail_live.py,1089,_header,False,Inventory and module triage
networkly_web/capture/gmail_live.py,1096,_walk_parts,False,Inventory and module triage
networkly_web/capture/gmail_live.py,1102,_decode_body,False,Inventory and module triage
networkly_web/capture/gmail_live.py,1114,_extract_ics_schedule,False,Inventory and module triage
networkly_web/capture/gmail_live.py,1217,IcsRsvp.cancels,False,Inventory and module triage
networkly_web/capture/gmail_live.py,1221,_ics_address,False,Inventory and module triage
networkly_web/capture/gmail_live.py,1227,_ics_cn,False,Inventory and module triage
networkly_web/capture/gmail_live.py,1237,_ics_rsvp,False,Inventory and module triage
networkly_web/capture/gmail_live.py,1323,_rsvp_finding,False,Inventory and module triage
networkly_web/capture/gmail_live.py,1393,_part_content_type,False,Inventory and module triage
networkly_web/capture/gmail_live.py,1400,_is_delivery_status_report,False,Inventory and module triage
networkly_web/capture/gmail_live.py,1433,_looks_like_bounce,False,Inventory and module triage
networkly_web/capture/gmail_live.py,1491,_bounce_recipient,False,Inventory and module triage
networkly_web/capture/gmail_live.py,1520,_bounce_recipient._ok,False,Inventory and module triage
networkly_web/capture/gmail_live.py,1547,_bounce_text,False,Inventory and module triage
networkly_web/capture/gmail_live.py,1573,_message_prose,False,Inventory and module triage
networkly_web/capture/gmail_live.py,1601,_prose_chat_time,False,Inventory and module triage
networkly_web/capture/gmail_live.py,1622,_one_to_one,False,Inventory and module triage
networkly_web/capture/gmail_live.py,1643,_threaded,False,Inventory and module triage
networkly_web/capture/gmail_live.py,1663,_message_occurred_at,False,Inventory and module triage
networkly_web/capture/gmail_live.py,1679,_outbound_recipients,False,Inventory and module triage
networkly_web/capture/gmail_live.py,1696,classify_message_findings,False,Inventory and module triage
networkly_web/capture/gmail_live.py,1735,_prose_for_outbound,False,Inventory and module triage
networkly_web/capture/gmail_live.py,1761,_outbound_finding,False,Inventory and module triage
networkly_web/capture/gmail_live.py,1835,_prose_for_inbound,False,Inventory and module triage
networkly_web/capture/gmail_live.py,1862,_classify_message,False,Inventory and module triage
networkly_web/capture/gmail_live.py,2149,_suppress_stale_bounces,False,Inventory and module triage
networkly_web/capture/gmail_live.py,2178,_sent_sweep_message_ids,False,Inventory and module triage
networkly_web/capture/gmail_live.py,2228,_backfill_window_start,False,Inventory and module triage
networkly_web/capture/gmail_live.py,2235,backfill_connection,False,Inventory and module triage
networkly_web/capture/gmail_live.py,2380,backfill_new_contacts,False,Inventory and module triage
networkly_web/capture/gmail_live.py,2434,run_rescan,False,Inventory and module triage
networkly_web/capture/gmail_residue.py,96,is_configured,False,Inventory and module triage
networkly_web/capture/gmail_residue.py,103,ResidueClassifyError.__init__,False,Inventory and module triage
networkly_web/capture/gmail_residue.py,108,_post_json,False,Inventory and module triage
networkly_web/capture/gmail_residue.py,149,_extract_response_text,False,Inventory and module triage
networkly_web/capture/gmail_residue.py,157,_grounded,False,Inventory and module triage
networkly_web/capture/gmail_residue.py,180,_message_text,False,Inventory and module triage
networkly_web/capture/gmail_residue.py,195,_classify_one,False,Inventory and module triage
networkly_web/capture/gmail_residue.py,227,_finding_from_genuine_reply,False,Inventory and module triage
networkly_web/capture/gmail_residue.py,298,run_residue_stage,False,Inventory and module triage
networkly_web/capture/gmail_residue.py,336,run_residue_stage.owner_active,False,Inventory and module triage
networkly_web/capture/google_oauth.py,53,flow,False,Inventory and module triage
networkly_web/capture/google_oauth.py,71,auth_url,False,Inventory and module triage
networkly_web/capture/google_oauth.py,103,credentials,False,Inventory and module triage
networkly_web/capture/google_oauth.py,124,credentials.bounded_request,False,Inventory and module triage
networkly_web/capture/google_revoke.py,54,revoke_token,False,Inventory and module triage
networkly_web/capture/google_revoke.py,78,_related_connections,False,Inventory and module triage
networkly_web/capture/google_revoke.py,100,revoke_connection,False,Inventory and module triage
networkly_web/capture/google_revoke.py,140,disconnect_connections,False,Inventory and module triage
networkly_web/capture/google_revoke.py,163,revoke_all_for_user,False,Inventory and module triage
networkly_web/capture/inbound.py,208,InboundVerdict.reason_text,False,Inventory and module triage
networkly_web/capture/inbound.py,212,_headers_map,False,Inventory and module triage
networkly_web/capture/inbound.py,224,looks_like_noreply,False,Inventory and module triage
networkly_web/capture/inbound.py,235,_recipient_addresses,False,Inventory and module triage
networkly_web/capture/inbound.py,240,classify_inbound,False,Inventory and module triage
networkly_web/capture/locks.py,49,try_mailbox_lock,False,Inventory and module triage
networkly_web/capture/locks.py,61,unlock_mailbox,False,Inventory and module triage
networkly_web/capture/locks.py,72,mailbox_lock,False,Inventory and module triage
networkly_web/capture/mailfacts.py,234,_sentences,False,Inventory and module triage
networkly_web/capture/mailfacts.py,238,_grounded,False,Inventory and module triage
networkly_web/capture/mailfacts.py,254,_grounded.norm,False,Inventory and module triage
networkly_web/capture/mailfacts.py,262,_quote_of,False,Inventory and module triage
networkly_web/capture/mailfacts.py,270,_resolve_year,False,Inventory and module triage
networkly_web/capture/mailfacts.py,289,_return_date,False,Inventory and module triage
networkly_web/capture/mailfacts.py,310,_clean_referral_name,False,Inventory and module triage
networkly_web/capture/mailfacts.py,332,_finding_text,False,Inventory and module triage
networkly_web/capture/mailfacts.py,341,_detect_auto,False,Inventory and module triage
networkly_web/capture/mailfacts.py,388,_contact_for,False,Inventory and module triage
networkly_web/capture/mailfacts.py,399,_same_firm_alias_match,False,Inventory and module triage
networkly_web/capture/mailfacts.py,442,_routing_match,False,Inventory and module triage
networkly_web/capture/mailfacts.py,453,_routing_match.matches,False,Inventory and module triage
networkly_web/capture/mailfacts.py,488,_append_note,False,Inventory and module triage
networkly_web/capture/mailfacts.py,499,_remove_note,False,Inventory and module triage
networkly_web/capture/mailfacts.py,510,_snooze_datetime,False,Inventory and module triage
networkly_web/capture/mailfacts.py,527,_existing_fact,False,Inventory and module triage
networkly_web/capture/mailfacts.py,533,_create_fact,False,Inventory and module triage
networkly_web/capture/mailfacts.py,553,_propose_referral,False,Inventory and module triage
networkly_web/capture/mailfacts.py,609,consider_finding,False,Inventory and module triage
networkly_web/capture/mailfacts.py,669,_detect_ai,False,Inventory and module triage
networkly_web/capture/mailfacts.py,705,_apply_auto,False,Inventory and module triage
networkly_web/capture/mailfacts.py,755,_apply_departed,False,Inventory and module triage
networkly_web/capture/mailfacts.py,839,_apply_address_change,False,Inventory and module triage
networkly_web/capture/mailfacts.py,877,_apply_ooo,False,Inventory and module triage
networkly_web/capture/mailfacts.py,1001,_extend_snooze,False,Inventory and module triage
networkly_web/capture/mailfacts.py,1013,_record_bounce,False,Inventory and module triage
networkly_web/capture/mailfacts.py,1066,_apply_routing,False,Inventory and module triage
networkly_web/capture/mailfacts.py,1139,_surface_review,False,Inventory and module triage
networkly_web/capture/mailfacts.py,1159,address_is_departed,False,Inventory and module triage
networkly_web/capture/mailfacts.py,1175,dead_addresses,False,Inventory and module triage
networkly_web/capture/mailfacts.py,1223,undo,False,Inventory and module triage
networkly_web/capture/mailfacts.py,1268,dismiss,False,Inventory and module triage
networkly_web/capture/management/commands/audit_chat_claims.py,57,_evidence,False,Inventory and module triage
networkly_web/capture/management/commands/audit_chat_claims.py,87,Command.add_arguments,False,Inventory and module triage
networkly_web/capture/management/commands/audit_chat_claims.py,95,Command.handle,False,Inventory and module triage
networkly_web/capture/management/commands/audit_chat_claims.py,150,Command._revert,False,Inventory and module triage
networkly_web/capture/management/commands/backfill_touch_subjects.py,71,Command.add_arguments,False,Inventory and module triage
networkly_web/capture/management/commands/backfill_touch_subjects.py,91,Command.handle,False,Inventory and module triage
networkly_web/capture/management/commands/backfill_touch_subjects.py,195,Command._section,False,Inventory and module triage
networkly_web/capture/management/commands/backfill_touch_subjects.py,204,Command._rows,False,Inventory and module triage
networkly_web/capture/management/commands/capture_autopilot.py,57,Command.add_arguments,False,Inventory and module triage
networkly_web/capture/management/commands/capture_autopilot.py,73,Command.handle,False,Inventory and module triage
networkly_web/capture/management/commands/capture_autopilot_worker.py,48,Command.add_arguments,False,Inventory and module triage
networkly_web/capture/management/commands/capture_autopilot_worker.py,55,Command.handle,False,Inventory and module triage
networkly_web/capture/management/commands/capture_autopilot_worker.py,63,Command._tick,False,Inventory and module triage
networkly_web/capture/management/commands/capture_discover.py,116,Command.add_arguments,False,Inventory and module triage
networkly_web/capture/management/commands/capture_discover.py,126,Command.handle,False,Inventory and module triage
networkly_web/capture/management/commands/capture_gmail.py,50,sync_window_days,False,Inventory and module triage
networkly_web/capture/management/commands/capture_gmail.py,73,Command.add_arguments,False,Inventory and module triage
networkly_web/capture/management/commands/capture_gmail.py,85,Command.handle,False,Inventory and module triage
networkly_web/capture/management/commands/capture_gmail.py,125,Command._report,False,Inventory and module triage
networkly_web/capture/management/commands/capture_gmail.py,155,_read,False,Inventory and module triage
networkly_web/capture/management/commands/capture_openers.py,43,Command.add_arguments,False,Inventory and module triage
networkly_web/capture/management/commands/capture_openers.py,48,Command.handle,False,Inventory and module triage
networkly_web/capture/management/commands/capture_worklist.py,56,Command.add_arguments,False,Inventory and module triage
networkly_web/capture/management/commands/capture_worklist.py,64,Command.handle,False,Inventory and module triage
networkly_web/capture/management/commands/gcal_sync.py,43,Command.add_arguments,False,Inventory and module triage
networkly_web/capture/management/commands/gcal_sync.py,53,Command.handle,False,Inventory and module triage
networkly_web/capture/management/commands/gcal_sync.py,59,Command._sync,False,Inventory and module triage
networkly_web/capture/management/commands/gmail_backfill.py,110,Command.add_arguments,False,Inventory and module triage
networkly_web/capture/management/commands/gmail_backfill.py,117,Command.handle,False,Inventory and module triage
networkly_web/capture/management/commands/gmail_backfill.py,195,Command._run_backfill,False,Inventory and module triage
networkly_web/capture/management/commands/gmail_backfill.py,217,Command._run_backfill_locked,False,Inventory and module triage
networkly_web/capture/management/commands/gmail_backfill.py,271,Command._run_rescan,False,Inventory and module triage
networkly_web/capture/management/commands/gmail_backfill.py,288,Command._run_rescan_locked,False,Inventory and module triage
networkly_web/capture/management/commands/gmail_poll.py,177,auto_spacing,False,Inventory and module triage
networkly_web/capture/management/commands/gmail_poll.py,198,Command.add_arguments,False,Inventory and module triage
networkly_web/capture/management/commands/gmail_poll.py,223,Command.handle,False,Inventory and module triage
networkly_web/capture/management/commands/gmail_poll.py,261,Command._idle,False,Inventory and module triage
networkly_web/capture/management/commands/gmail_poll.py,286,Command._loop,False,Inventory and module triage
networkly_web/capture/management/commands/gmail_poll.py,340,Command._beat,False,Inventory and module triage
networkly_web/capture/management/commands/gmail_poll.py,356,Command._install_signal_handlers,False,Inventory and module triage
networkly_web/capture/management/commands/gmail_poll.py,373,Command._install_signal_handlers._request_stop,False,Inventory and module triage
networkly_web/capture/management/commands/gmail_poll.py,382,Command._install_signal_handlers._restore,False,Inventory and module triage
networkly_web/capture/management/commands/gmail_poll.py,393,Command._select,False,Inventory and module triage
networkly_web/capture/management/commands/gmail_poll.py,417,Command._run_pass,False,Inventory and module triage
networkly_web/capture/management/commands/gmail_poll.py,458,Command._poll_one,False,Inventory and module triage
networkly_web/capture/management/commands/gmail_poll.py,574,Command._record_outcome,False,Inventory and module triage
networkly_web/capture/management/commands/gmail_poll.py,585,Command._record_error,False,Inventory and module triage
networkly_web/capture/management/commands/gmail_poll.py,595,Command._write_import,False,Inventory and module triage
networkly_web/capture/management/commands/gmail_poll.py,607,Command._sync_summary,False,Inventory and module triage
networkly_web/capture/management/commands/gmail_poll.py,618,Command._sync_details,False,Inventory and module triage
networkly_web/capture/management/commands/gmail_poll.py,627,Command._looks_revoked,False,Inventory and module triage
networkly_web/capture/management/commands/gmail_poll.py,639,Command._revocation_note,False,Inventory and module triage
networkly_web/capture/management/commands/gmail_poll.py,644,Command._handle_refresh_error,False,Inventory and module triage
networkly_web/capture/management/commands/gmail_poll.py,664,Command._try_lock,False,Inventory and module triage
networkly_web/capture/management/commands/gmail_poll.py,670,Command._unlock,False,Inventory and module triage
networkly_web/capture/management/commands/gmail_pubsub_listen.py,41,Command.add_arguments,False,Inventory and module triage
networkly_web/capture/management/commands/gmail_pubsub_listen.py,48,Command.handle,False,Inventory and module triage
networkly_web/capture/management/commands/gmail_pubsub_listen.py,81,Command.handle._process,False,Inventory and module triage
networkly_web/capture/management/commands/gmail_pubsub_listen.py,164,Command.handle._callback,False,Inventory and module triage
networkly_web/capture/management/commands/gmail_watch_renew.py,30,Command.handle,False,Inventory and module triage
networkly_web/capture/management/commands/opener_worklist.py,40,Command.add_arguments,False,Inventory and module triage
networkly_web/capture/management/commands/opener_worklist.py,44,Command.handle,False,Inventory and module triage
networkly_web/capture/management/commands/opener_worklist.py,74,Command.handle.clean,False,Inventory and module triage
networkly_web/capture/management/commands/reclassify_inbound_touches.py,48,Command.add_arguments,False,Inventory and module triage
networkly_web/capture/management/commands/reclassify_inbound_touches.py,59,Command.handle,False,Inventory and module triage
networkly_web/capture/management/commands/rotate_gmail_tokens.py,46,Command.add_arguments,False,Inventory and module triage
networkly_web/capture/management/commands/rotate_gmail_tokens.py,53,Command.handle,False,Inventory and module triage
networkly_web/capture/models.py,157,ContactProposal.__str__,False,Inventory and module triage
networkly_web/capture/models.py,311,ApplicationEvent.__str__,False,Inventory and module triage
networkly_web/capture/models.py,498,MailFact.__str__,False,Inventory and module triage
networkly_web/capture/models.py,620,GmailConnection.__str__,False,Inventory and module triage
networkly_web/capture/models.py,688,GoogleCalendarConnection.__str__,False,Inventory and module triage
networkly_web/capture/models.py,808,AutopilotRun.__str__,False,Inventory and module triage
networkly_web/capture/models.py,931,AutopilotDecision.__str__,False,Inventory and module triage
networkly_web/capture/providers.py,64,CaptureProvider.build_event,False,Inventory and module triage
networkly_web/capture/providers.py,68,_as_datetime,False,Inventory and module triage
networkly_web/capture/providers.py,83,normalize_email,False,Inventory and module triage
networkly_web/capture/providers.py,87,normalize_name,False,Inventory and module triage
networkly_web/capture/providers.py,96,AmbiguousContactError.__init__,False,Inventory and module triage
networkly_web/capture/providers.py,140,chat_status_of,False,Inventory and module triage
networkly_web/capture/providers.py,145,chat_time_stated,False,Inventory and module triage
networkly_web/capture/providers.py,158,corroborated_chat_status,False,Inventory and module triage
networkly_web/capture/reclassify.py,110,looks_like_bulk_evidence,False,Inventory and module triage
networkly_web/capture/reclassify.py,153,ContactPlan.state_changes,False,Inventory and module triage
networkly_web/capture/reclassify.py,165,Report.demoted_touches,False,Inventory and module triage
networkly_web/capture/reclassify.py,169,Report.contacts_with_state_change,False,Inventory and module triage
networkly_web/capture/reclassify.py,173,_recomputed_state,False,Inventory and module triage
networkly_web/capture/reclassify.py,196,build_report,False,Inventory and module triage
networkly_web/capture/reclassify.py,274,commit_plan,False,Inventory and module triage
networkly_web/capture/subject_backfill.py,94,thread_ids_in,False,Inventory and module triage
networkly_web/capture/subject_backfill.py,103,load_mapping,False,Inventory and module triage
networkly_web/capture/subject_backfill.py,168,Report.marked_touches,False,Inventory and module triage
networkly_web/capture/subject_backfill.py,175,Report.subject_counts,False,Inventory and module triage
networkly_web/capture/subject_backfill.py,187,build_report,False,Inventory and module triage
networkly_web/capture/subject_backfill.py,253,commit,False,Inventory and module triage
networkly_web/capture/views.py,37,gmail_connect,False,Inventory and module triage
networkly_web/capture/views.py,49,gmail_callback,False,Inventory and module triage
networkly_web/capture/views.py,129,gmail_disconnect,False,Inventory and module triage
networkly_web/capture/views.py,145,gmail_rescan,False,Inventory and module triage
networkly_web/capture/views.py,203,gcal_connect,False,Inventory and module triage
networkly_web/capture/views.py,218,gcal_callback,False,Inventory and module triage
networkly_web/capture/views.py,252,gcal_disconnect,False,Inventory and module triage
networkly_web/core/axes_scope.py,31,outside_the_admin,False,Inventory and module triage
networkly_web/core/clientip.py,42,client_ip,False,Inventory and module triage
networkly_web/core/context_processors.py,23,social_providers,False,Inventory and module triage
networkly_web/core/management/commands/audit_fixtures.py,165,_has_seed_local_host,False,Inventory and module triage
networkly_web/core/management/commands/audit_fixtures.py,190,_seeded_firm_slugs,False,Inventory and module triage
networkly_web/core/management/commands/audit_fixtures.py,206,Command.handle,False,Inventory and module triage
networkly_web/core/management/commands/audit_fixtures.py,233,Command._flagged_users,False,Inventory and module triage
networkly_web/core/management/commands/audit_fixtures.py,240,Command._audit_users,False,Inventory and module triage
networkly_web/core/management/commands/audit_fixtures.py,251,Command._cascade_rows_for,False,Inventory and module triage
networkly_web/core/management/commands/audit_fixtures.py,278,Command._audit_firms,False,Inventory and module triage
networkly_web/core/management/commands/audit_fixtures.py,298,Command._audit_firm_dates,False,Inventory and module triage
networkly_web/core/management/commands/audit_fixtures.py,319,Command._audit_opportunities,False,Inventory and module triage
networkly_web/core/management/commands/audit_fixtures.py,353,Command._audit_contacts,False,Inventory and module triage
networkly_web/core/management/commands/audit_fixtures.py,367,Command._audit_contact_proposals,False,Inventory and module triage
networkly_web/core/management/commands/audit_fixtures.py,388,Command._audit_calendar_events,False,Inventory and module triage
networkly_web/core/management/commands/audit_fixtures.py,406,Command._audit_campaigns,False,Inventory and module triage
networkly_web/core/management/commands/audit_fixtures.py,424,Command._audit_touches,False,Inventory and module triage
networkly_web/core/management/commands/backup_db.py,84,Command.add_arguments,False,Inventory and module triage
networkly_web/core/management/commands/backup_db.py,102,Command.handle,False,Inventory and module triage
networkly_web/core/management/commands/backup_db.py,201,Command.client,False,Inventory and module triage
networkly_web/core/management/commands/backup_db.py,239,Command.upload,False,Inventory and module triage
networkly_web/core/management/commands/migrate_avatar_storage.py,16,_digest,False,Inventory and module triage
networkly_web/core/management/commands/migrate_avatar_storage.py,26,Command.add_arguments,False,Inventory and module triage
networkly_web/core/management/commands/migrate_avatar_storage.py,31,Command.handle,False,Inventory and module triage
networkly_web/core/management/commands/migrate_avatar_storage.py,86,Command._rekey,False,Inventory and module triage
networkly_web/core/media.py,11,avatar,False,Inventory and module triage
networkly_web/core/monitoring.py,6,scrub_sentry_event,False,Inventory and module triage
networkly_web/core/ratelimits.py,6,window_exceeded,False,Inventory and module triage
networkly_web/core/robots.py,58,reset_cache,False,Inventory and module triage
networkly_web/core/robots.py,64,_robots_url,False,Inventory and module triage
networkly_web/core/robots.py,73,_fetch_parser,False,Inventory and module triage
networkly_web/core/robots.py,102,is_allowed,False,Inventory and module triage
networkly_web/core/storage.py,11,avatar_content_type,False,Inventory and module triage
networkly_web/core/storage.py,25,media_storage_config,False,Inventory and module triage
networkly_web/core/storage.py,55,PrivateMediaStorage.url,False,Inventory and module triage
networkly_web/core/storage.py,59,PrivateMediaStorage.require_conditional_put_support,False,Inventory and module triage
networkly_web/core/storage.py,73,PrivateMediaStorage.save_if_absent,False,Inventory and module triage
networkly_web/core/templatetags/textstyle.py,96,_restarts_a_clause,False,Inventory and module triage
networkly_web/core/templatetags/textstyle.py,100,_is_minor,False,Inventory and module triage
networkly_web/core/templatetags/textstyle.py,147,_letters,False,Inventory and module triage
networkly_web/core/templatetags/textstyle.py,151,_case_atom,False,Inventory and module triage
networkly_web/core/templatetags/textstyle.py,182,_recap,False,Inventory and module triage
networkly_web/core/templatetags/textstyle.py,194,_case_word,False,Inventory and module triage
networkly_web/core/templatetags/textstyle.py,206,smart_title,False,Inventory and module triage
networkly_web/core/templatetags/textstyle.py,229,smart_person_name,False,Inventory and module triage
networkly_web/core/templatetags/textstyle.py,347,_location_codes,False,Inventory and module triage
networkly_web/core/templatetags/textstyle.py,359,_location_codes._code,False,Inventory and module triage
networkly_web/core/templatetags/textstyle.py,379,_case_word_location,False,Inventory and module triage
networkly_web/core/templatetags/textstyle.py,425,smart_role,False,Inventory and module triage
networkly_web/core/templatetags/textstyle.py,463,smart_location,False,Inventory and module triage
networkly_web/core/templatetags/textstyle.py,501,timesince1,False,Inventory and module triage
networkly_web/core/templatetags/textstyle.py,524,firm_hue,False,Inventory and module triage
networkly_web/core/templatetags/textstyle.py,536,relationship_label,False,Inventory and module triage
networkly_web/core/views.py,27,home,False,Inventory and module triage
networkly_web/core/views.py,59,_advisor_daily_cap,False,Inventory and module triage
networkly_web/core/views.py,77,_advisor_monthly_grant,False,Inventory and module triage
networkly_web/core/views.py,91,pricing,False,Inventory and module triage
networkly_web/core/views.py,145,healthz,False,Inventory and module triage
networkly_web/core/views.py,165,_search_throttled,False,Inventory and module triage
networkly_web/core/views.py,176,search,False,Inventory and module triage
networkly_web/core/views.py,251,favicon,False,Inventory and module triage
networkly_web/crm/ai_brief.py,70,credit_block_notice,False,Inventory and module triage
networkly_web/crm/ai_brief.py,121,_touch_lines,False,Inventory and module triage
networkly_web/crm/ai_brief.py,156,_firm_context,False,Inventory and module triage
networkly_web/crm/ai_brief.py,169,build_prompt,False,Inventory and module triage
networkly_web/crm/ai_brief.py,190,generate_coffee_chat_brief,False,Inventory and module triage
networkly_web/crm/ai_summary.py,91,_recent_touches,False,Inventory and module triage
networkly_web/crm/ai_summary.py,96,_touch_lines,False,Inventory and module triage
networkly_web/crm/ai_summary.py,113,build_prompt,False,Inventory and module triage
networkly_web/crm/ai_summary.py,140,touches_since_summary,False,Inventory and module triage
networkly_web/crm/ai_summary.py,155,is_stale,False,Inventory and module triage
networkly_web/crm/ai_summary.py,159,regenerate,False,Inventory and module triage
networkly_web/crm/calendar_views.py,79,_firm_date_kind,False,Inventory and module triage
networkly_web/crm/calendar_views.py,99,_resolve_view,False,Inventory and module triage
networkly_web/crm/calendar_views.py,103,_month_bounds,False,Inventory and module triage
networkly_web/crm/calendar_views.py,109,_shift,False,Inventory and module triage
networkly_web/crm/calendar_views.py,114,_events_by_day,False,Inventory and module triage
networkly_web/crm/calendar_views.py,285,_is_reported,False,Inventory and module triage
networkly_web/crm/calendar_views.py,289,_role_label,False,Inventory and module triage
networkly_web/crm/calendar_views.py,316,_tracked_deadlines,False,Inventory and module triage
networkly_web/crm/calendar_views.py,344,_fold_tracked,False,Inventory and module triage
networkly_web/crm/calendar_views.py,371,_resolve_month,False,Inventory and module triage
networkly_web/crm/calendar_views.py,399,_resolve_anchor,False,Inventory and module triage
networkly_web/crm/calendar_views.py,429,_step,False,Inventory and module triage
networkly_web/crm/calendar_views.py,441,_view_range,False,Inventory and module triage
networkly_web/crm/calendar_views.py,460,_period_label,False,Inventory and module triage
networkly_web/crm/calendar_views.py,488,_qs,False,Inventory and module triage
networkly_web/crm/calendar_views.py,497,_nav_urls,False,Inventory and module triage
networkly_web/crm/calendar_views.py,516,_hour_label,False,Inventory and module triage
networkly_web/crm/calendar_views.py,520,_hour_rail,False,Inventory and module triage
networkly_web/crm/calendar_views.py,544,_period_context,False,Inventory and module triage
networkly_web/crm/calendar_views.py,561,_period_context.cell,False,Inventory and module triage
networkly_web/crm/calendar_views.py,628,calendar,False,Inventory and module triage
networkly_web/crm/calendar_views.py,657,calendar_add,False,Inventory and module triage
networkly_web/crm/calendar_views.py,686,calendar_delete,False,Inventory and module triage
networkly_web/crm/calendar_views.py,740,RescheduleForm.clean,False,Inventory and module triage
networkly_web/crm/calendar_views.py,754,_own_manual_event,False,Inventory and module triage
networkly_web/crm/calendar_views.py,792,calendar_reschedule,False,Inventory and module triage
networkly_web/crm/calendar_views.py,843,calendar_cancel,False,Inventory and module triage
networkly_web/crm/calendar_views.py,886,calendar_token_reset,False,Inventory and module triage
networkly_web/crm/calendar_views.py,924,calendar_ics,False,Inventory and module triage
networkly_web/crm/calendar_views.py,980,_ics_body,False,Inventory and module triage
networkly_web/crm/calendar_views.py,985,_ics_body.esc,False,Inventory and module triage
networkly_web/crm/calendar_views.py,1057,_ics_body.alarms,False,Inventory and module triage
networkly_web/crm/campaigns.py,136,normalize_subject,False,Inventory and module triage
networkly_web/crm/campaigns.py,208,_is_app_authored,False,Inventory and module triage
networkly_web/crm/campaigns.py,235,_signature_for,False,Inventory and module triage
networkly_web/crm/campaigns.py,304,_burst_groups,False,Inventory and module triage
networkly_web/crm/campaigns.py,329,_label_for,False,Inventory and module triage
networkly_web/crm/campaigns.py,359,detect,False,Inventory and module triage
networkly_web/crm/campaigns.py,453,_first_outside,False,Inventory and module triage
networkly_web/crm/campaigns.py,479,_record,False,Inventory and module triage
networkly_web/crm/campaigns.py,567,_all_campaigns,False,Inventory and module triage
networkly_web/crm/campaigns.py,576,_live_signatures,False,Inventory and module triage
networkly_web/crm/campaigns.py,592,stale_campaigns,False,Inventory and module triage
networkly_web/crm/campaigns.py,634,retire_stale,False,Inventory and module triage
networkly_web/crm/campaigns.py,662,excluded_contact_ids,False,Inventory and module triage
networkly_web/crm/campaigns.py,713,classify,False,Inventory and module triage
networkly_web/crm/campaigns.py,746,campaign_cards,False,Inventory and module triage
networkly_web/crm/coverage.py,245,flagged_firm_ids,False,Inventory and module triage
networkly_web/crm/coverage.py,259,track_fit,False,Inventory and module triage
networkly_web/crm/coverage.py,271,advocate_target,False,Inventory and module triage
networkly_web/crm/coverage.py,287,gap_state,False,Inventory and module triage
networkly_web/crm/coverage.py,304,deadline_bonus,False,Inventory and module triage
networkly_web/crm/coverage.py,317,rank_gaps,False,Inventory and module triage
networkly_web/crm/coverage.py,452,_tidy,False,Inventory and module triage
networkly_web/crm/coverage.py,459,advocate_summary,False,Inventory and module triage
networkly_web/crm/coverage.py,517,tier_cost,False,Inventory and module triage
networkly_web/crm/debrief.py,53,pending,False,Inventory and module triage
networkly_web/crm/debrief.py,102,dismiss,False,Inventory and module triage
networkly_web/crm/debrief.py,114,_append_note,False,Inventory and module triage
networkly_web/crm/debrief.py,126,record,False,Inventory and module triage
networkly_web/crm/debrief.py,262,promote,False,Inventory and module triage
networkly_web/crm/digest.py,119,assemble_digest,False,Inventory and module triage
networkly_web/crm/digest.py,193,why_line,False,Inventory and module triage
networkly_web/crm/digest.py,228,_join,False,Inventory and module triage
networkly_web/crm/digest.py,237,_plural,False,Inventory and module triage
networkly_web/crm/digest.py,241,_coverage_summary,False,Inventory and module triage
networkly_web/crm/digest.py,344,_int_or_none,False,Inventory and module triage
networkly_web/crm/digest.py,351,_cycle_note,False,Inventory and module triage
networkly_web/crm/digest.py,396,_cycle_note._matches,False,Inventory and module triage
networkly_web/crm/digest.py,407,_cycle_note._with_open_estimate,False,Inventory and module triage
networkly_web/crm/digest.py,424,_cycle_note._years_for,False,Inventory and module triage
networkly_web/crm/digest.py,441,_closing_this_week,False,Inventory and module triage
networkly_web/crm/digest.py,474,_who_to_ping,False,Inventory and module triage
networkly_web/crm/digest.py,543,_new_for_you,False,Inventory and module triage
networkly_web/crm/digest.py,635,_new_for_you._candidates,False,Inventory and module triage
networkly_web/crm/forms.py,105,ContactForm.__init__,False,Inventory and module triage
networkly_web/crm/forms.py,116,ContactForm.clean_recruitment_related,False,Inventory and module triage
networkly_web/crm/forms.py,124,ContactForm.clean_recruiting_contact,False,Inventory and module triage
networkly_web/crm/forms.py,132,ContactForm.clean,False,Inventory and module triage
networkly_web/crm/forms.py,187,ChatDebriefForm.__init__,False,Inventory and module triage
networkly_web/crm/forms.py,197,ChatDebriefForm.clean,False,Inventory and module triage
networkly_web/crm/forms.py,238,CalendarEventForm.__init__,False,Inventory and module triage
networkly_web/crm/forms.py,254,CalendarEventForm.clean,False,Inventory and module triage
networkly_web/crm/forms.py,268,CalendarEventForm.save,False,Inventory and module triage
networkly_web/crm/health.py,41,discovered_but_untouched,False,Inventory and module triage
networkly_web/crm/health.py,58,untouched_with_an_address,False,Inventory and module triage
networkly_web/crm/health.py,79,health_report,False,Inventory and module triage
networkly_web/crm/management/commands/backfill_contact_regions.py,41,Command.add_arguments,False,Inventory and module triage
networkly_web/crm/management/commands/backfill_contact_regions.py,60,Command.handle,False,Inventory and module triage
networkly_web/crm/management/commands/backfill_contact_regions.py,134,Command._revert,False,Inventory and module triage
networkly_web/crm/management/commands/crm_health.py,22,Command.add_arguments,False,Inventory and module triage
networkly_web/crm/management/commands/crm_health.py,25,Command.handle,False,Inventory and module triage
networkly_web/crm/management/commands/detect_campaigns.py,67,Command.add_arguments,False,Inventory and module triage
networkly_web/crm/management/commands/detect_campaigns.py,83,Command.handle,False,Inventory and module triage
networkly_web/crm/management/commands/detect_campaigns.py,105,Command._report,False,Inventory and module triage
networkly_web/crm/management/commands/detect_campaigns.py,131,Command._retire,False,Inventory and module triage
networkly_web/crm/management/commands/detect_campaigns.py,148,Command._print,False,Inventory and module triage
networkly_web/crm/management/commands/detect_campaigns.py,152,Command._rows,False,Inventory and module triage
networkly_web/crm/management/commands/enrich_contact_regions.py,65,Command.add_arguments,False,Inventory and module triage
networkly_web/crm/management/commands/enrich_contact_regions.py,97,Command.handle,False,Inventory and module triage
networkly_web/crm/management/commands/enrich_contact_regions.py,241,Command._apply_plan,False,Inventory and module triage
networkly_web/crm/management/commands/enrich_contact_regions.py,308,Command._revert,False,Inventory and module triage
networkly_web/crm/management/commands/fix_school_firms.py,48,Command.add_arguments,False,Inventory and module triage
networkly_web/crm/management/commands/fix_school_firms.py,55,Command.handle,False,Inventory and module triage
networkly_web/crm/management/commands/purge_test_contacts.py,83,Command.add_arguments,False,Inventory and module triage
networkly_web/crm/management/commands/purge_test_contacts.py,93,Command.handle,False,Inventory and module triage
networkly_web/crm/management/commands/replay_states.py,57,replay,False,Inventory and module triage
networkly_web/crm/management/commands/replay_states.py,99,Command.add_arguments,False,Inventory and module triage
networkly_web/crm/management/commands/replay_states.py,110,Command.handle,False,Inventory and module triage
networkly_web/crm/management/commands/scrub_manual_override_notes.py,88,Command.add_arguments,False,Inventory and module triage
networkly_web/crm/management/commands/scrub_manual_override_notes.py,98,Command.handle,False,Inventory and module triage
networkly_web/crm/management/commands/send_weekly_digest.py,85,_local_today,False,Inventory and module triage
networkly_web/crm/management/commands/send_weekly_digest.py,113,_send_today,False,Inventory and module triage
networkly_web/crm/management/commands/send_weekly_digest.py,130,_subject,False,Inventory and module triage
networkly_web/crm/management/commands/send_weekly_digest.py,148,Command.add_arguments,False,Inventory and module triage
networkly_web/crm/management/commands/send_weekly_digest.py,164,Command.handle,False,Inventory and module triage
networkly_web/crm/merge.py,76,_touch_counts,False,Inventory and module triage
networkly_web/crm/merge.py,88,_answered_pairs,False,Inventory and module triage
networkly_web/crm/merge.py,99,_blocking_keys,False,Inventory and module triage
networkly_web/crm/merge.py,145,candidate_pairs,False,Inventory and module triage
networkly_web/crm/merge.py,205,_pick_primary,False,Inventory and module triage
networkly_web/crm/merge.py,215,suggestion_for,False,Inventory and module triage
networkly_web/crm/merge.py,226,_locked_pair,False,Inventory and module triage
networkly_web/crm/merge.py,238,merge,False,Inventory and module triage
networkly_web/crm/merge.py,303,reject,False,Inventory and module triage
networkly_web/crm/merge.py,316,undo,False,Inventory and module triage
networkly_web/crm/models.py,47,UserFirm.__str__,False,Inventory and module triage
networkly_web/crm/models.py,290,Contact.__str__,False,Inventory and module triage
networkly_web/crm/models.py,293,Contact.firm_markets,False,Inventory and module triage
networkly_web/crm/models.py,307,Contact.default_region_from_firm,False,Inventory and module triage
networkly_web/crm/models.py,317,Contact.resolve_region,False,Inventory and module triage
networkly_web/crm/models.py,381,Contact.from_db,False,Inventory and module triage
networkly_web/crm/models.py,397,Contact.save,False,Inventory and module triage
networkly_web/crm/models.py,514,Touch.__str__,False,Inventory and module triage
networkly_web/crm/models.py,615,Campaign.__str__,False,Inventory and module triage
networkly_web/crm/models.py,619,Campaign.is_classified,False,Inventory and module triage
networkly_web/crm/models.py,666,CampaignContact.__str__,False,Inventory and module triage
networkly_web/crm/models.py,752,ChatDebrief.__str__,False,Inventory and module triage
networkly_web/crm/models.py,775,Task.__str__,False,Inventory and module triage
networkly_web/crm/models.py,953,CalendarEvent.time_reported,False,Inventory and module triage
networkly_web/crm/models.py,992,CalendarEvent.__str__,False,Inventory and module triage
networkly_web/crm/models.py,1067,ContactMerge.__str__,False,Inventory and module triage
networkly_web/crm/models.py,1122,PlayDismissal.__str__,False,Inventory and module triage
networkly_web/crm/models.py,1164,BenchDismissal.__str__,False,Inventory and module triage
networkly_web/crm/recruitment.py,145,_cached_role_function,False,Inventory and module triage
networkly_web/crm/recruitment.py,167,_track_signal,False,Inventory and module triage
networkly_web/crm/recruitment.py,242,_clip,False,Inventory and module triage
networkly_web/crm/recruitment.py,247,classify_person,False,Inventory and module triage
networkly_web/crm/recruitment.py,332,role_hint_disqualified,False,Inventory and module triage
networkly_web/crm/recruitment.py,345,contact_verdict,False,Inventory and module triage
networkly_web/crm/recruitment.py,379,hidden_contact_ids,False,Inventory and module triage
networkly_web/crm/region_enrich.py,86,web_search_tool_type,False,Inventory and module triage
networkly_web/crm/region_enrich.py,191,Placement.writable,False,Inventory and module triage
networkly_web/crm/region_enrich.py,205,Placement.stated,False,Inventory and module triage
networkly_web/crm/region_enrich.py,215,_domain,False,Inventory and module triage
networkly_web/crm/region_enrich.py,220,_prompt,False,Inventory and module triage
networkly_web/crm/region_enrich.py,230,_record_from_response,False,Inventory and module triage
networkly_web/crm/region_enrich.py,237,_searches,False,Inventory and module triage
networkly_web/crm/region_enrich.py,243,enrich,False,Inventory and module triage
networkly_web/crm/region_inference.py,78,_from_subjects,False,Inventory and module triage
networkly_web/crm/region_inference.py,86,_from_email,False,Inventory and module triage
networkly_web/crm/region_inference.py,100,_from_role_or_firm,False,Inventory and module triage
networkly_web/crm/region_inference.py,109,_from_source,False,Inventory and module triage
networkly_web/crm/region_inference.py,117,_from_firm_regions,False,Inventory and module triage
networkly_web/crm/region_inference.py,134,infer_region,False,Inventory and module triage
networkly_web/crm/region_inference.py,159,infer_for_contact,False,Inventory and module triage
networkly_web/crm/regions.py,32,declared_market,False,Inventory and module triage
networkly_web/crm/regions.py,55,Unplaced.message,False,Inventory and module triage
networkly_web/crm/regions.py,69,_join,False,Inventory and module triage
networkly_web/crm/regions.py,75,unplace_declared_regions,False,Inventory and module triage
networkly_web/crm/relevance.py,122,tiered_firm_tiers,False,Inventory and module triage
networkly_web/crm/relevance.py,133,contact_relevance,False,Inventory and module triage
networkly_web/crm/relevance.py,187,relevance_weight,False,Inventory and module triage
networkly_web/crm/relevance.py,291,is_recruiting_role,False,Inventory and module triage
networkly_web/crm/relevance.py,306,is_recruiting_contact,False,Inventory and module triage
networkly_web/crm/relevance.py,356,apply_only,False,Inventory and module triage
networkly_web/crm/relevance.py,413,seniority,False,Inventory and module triage
networkly_web/crm/relevance.py,461,firm_openings,False,Inventory and module triage
networkly_web/crm/relevance.py,565,_relevant_to_student,False,Inventory and module triage
networkly_web/crm/relevance.py,671,specific_tie,False,Inventory and module triage
networkly_web/crm/relevance.py,701,affinity,False,Inventory and module triage
networkly_web/crm/relevance.py,761,expected_value,False,Inventory and module triage
networkly_web/crm/relevance.py,820,senior_cold_factor,False,Inventory and module triage
networkly_web/crm/relevance.py,918,season_mode,False,Inventory and module triage
networkly_web/crm/relevance.py,958,season_factor,False,Inventory and module triage
networkly_web/crm/relevance.py,1071,_on_date,False,Inventory and module triage
networkly_web/crm/relevance.py,1089,_role_clause,False,Inventory and module triage
networkly_web/crm/relevance.py,1109,_opening_clause,False,Inventory and module triage
networkly_web/crm/relevance.py,1122,why_this_person,False,Inventory and module triage
networkly_web/crm/relevance.py,1142,keep_warm_reason,False,Inventory and module triage
networkly_web/crm/relevance.py,1236,_no_reply,False,Inventory and module triage
networkly_web/crm/relevance.py,1257,card_reason,False,Inventory and module triage
networkly_web/crm/services.py,51,_pipeline_connection,False,Inventory and module triage
networkly_web/crm/services.py,68,log_touch,False,Inventory and module triage
networkly_web/crm/services.py,108,set_contact_state,False,Inventory and module triage
networkly_web/crm/sourcing.py,204,_firm_field,False,Inventory and module triage
networkly_web/crm/sourcing.py,212,_known_tracks,False,Inventory and module triage
networkly_web/crm/sourcing.py,224,_tracks_of,False,Inventory and module triage
networkly_web/crm/sourcing.py,256,panel_note,False,Inventory and module triage
networkly_web/crm/sourcing.py,266,_round_robin,False,Inventory and module triage
networkly_web/crm/sourcing.py,287,linkedin_search_url,False,Inventory and module triage
networkly_web/crm/sourcing.py,299,_row,False,Inventory and module triage
networkly_web/crm/sourcing.py,313,suggestions_for,False,Inventory and module triage
networkly_web/crm/today.py,177,_cadence_params,False,Inventory and module triage
networkly_web/crm/today.py,235,_build_actions,False,Inventory and module triage
networkly_web/crm/today.py,751,_opening_keep_warms,False,Inventory and module triage
networkly_web/crm/today.py,913,_opening_signature,False,Inventory and module triage
networkly_web/crm/today.py,924,_opening_bench,False,Inventory and module triage
networkly_web/crm/today.py,1156,_pace_firm_key,False,Inventory and module triage
networkly_web/crm/today.py,1232,_mark_undeliverable,False,Inventory and module triage
networkly_web/crm/today.py,1328,_pace_by_firm,False,Inventory and module triage
networkly_web/crm/today.py,1436,_gate_and_rank,False,Inventory and module triage
networkly_web/crm/today.py,1772,rendered_proposals_qs,False,Inventory and module triage
networkly_web/crm/today.py,1921,_lane_label,False,Inventory and module triage
networkly_web/crm/today.py,1931,_today_class,False,Inventory and module triage
networkly_web/crm/today.py,1935,_is_critical,False,Inventory and module triage
networkly_web/crm/today.py,1969,_lane_of,False,Inventory and module triage
networkly_web/crm/today.py,1985,_stale_critical,False,Inventory and module triage
networkly_web/crm/today.py,2024,_stale_critical_reason,False,Inventory and module triage
networkly_web/crm/today.py,2045,_today_sort_key,False,Inventory and module triage
networkly_web/crm/today.py,2115,_workdays_left,False,Inventory and module triage
networkly_web/crm/today.py,2165,outreach_blackout,False,Inventory and module triage
networkly_web/crm/today.py,2181,_blackout_resumes,False,Inventory and module triage
networkly_web/crm/today.py,2199,_blackout_action,False,Inventory and module triage
networkly_web/crm/today.py,2221,_daily_cap,False,Inventory and module triage
networkly_web/crm/today.py,2234,_pace,False,Inventory and module triage
networkly_web/crm/today.py,2317,_recent_activity,False,Inventory and module triage
networkly_web/crm/today.py,2332,_recent_activity._rail_ago,False,Inventory and module triage
networkly_web/crm/today.py,2383,_situation_cards,False,Inventory and module triage
networkly_web/crm/today.py,2408,_schedule,False,Inventory and module triage
networkly_web/crm/today.py,2601,_local_clock,False,Inventory and module triage
networkly_web/crm/today.py,2618,_send_windows,False,Inventory and module triage
networkly_web/crm/today.py,2649,_daybar,False,Inventory and module triage
networkly_web/crm/today.py,2693,_next_deadlines,False,Inventory and module triage
networkly_web/crm/today.py,2812,_chat_prep,False,Inventory and module triage
networkly_web/crm/today.py,2927,_starter_seeds,False,Inventory and module triage
networkly_web/crm/today.py,3069,_getting_started_checklist,False,Inventory and module triage
networkly_web/crm/today.py,3165,_unplaced_arrival_count,False,Inventory and module triage
networkly_web/crm/today.py,3214,_next_wave,False,Inventory and module triage
networkly_web/crm/today.py,3293,_quiet_line,False,Inventory and module triage
networkly_web/crm/today.py,3347,_relevant,False,Inventory and module triage
networkly_web/crm/today.py,3381,_gap_role,False,Inventory and module triage
networkly_web/crm/today.py,3404,_gaps,False,Inventory and module triage
networkly_web/crm/today.py,3526,plan_split,False,Inventory and module triage
networkly_web/crm/today.py,3721,today_plan,False,Inventory and module triage
networkly_web/crm/today.py,3739,_cockpit_context,False,Inventory and module triage
networkly_web/crm/today.py,4197,queue_silenced_contact_ids,False,Inventory and module triage
networkly_web/crm/today.py,4235,week,False,Inventory and module triage
networkly_web/crm/today.py,4321,today_park_all,False,Inventory and module triage
networkly_web/crm/today.py,4352,_posted_datetime,False,Inventory and module triage
networkly_web/crm/today.py,4379,_reschedule_chat,False,Inventory and module triage
networkly_web/crm/today.py,4441,today_act,False,Inventory and module triage
networkly_web/crm/today.py,4504,play_dismiss,False,Inventory and module triage
networkly_web/crm/today.py,4545,today_bench_act,False,Inventory and module triage
networkly_web/crm/today.py,4595,_prose_dates,False,Inventory and module triage
networkly_web/crm/today.py,4610,_prose_dates._fmt,False,Inventory and module triage
networkly_web/crm/today.py,4628,_age_in_days,False,Inventory and module triage
networkly_web/crm/today.py,4652,_sentenceize,False,Inventory and module triage
networkly_web/crm/today.py,4669,_dashboard_context,False,Inventory and module triage
networkly_web/crm/utils.py,25,_calendar_days_ago,False,Inventory and module triage
networkly_web/crm/utils.py,54,local_date,False,Inventory and module triage
networkly_web/crm/utils.py,89,_confidence_label,False,Inventory and module triage
networkly_web/crm/utils.py,217,_mailto,False,Inventory and module triage
networkly_web/crm/utils.py,265,_warmth_pct,False,Inventory and module triage
networkly_web/crm/utils.py,270,_touch_dicts,False,Inventory and module triage
networkly_web/crm/utils.py,313,_clock,False,Inventory and module triage
networkly_web/crm/utils.py,320,_sentence_case,False,Inventory and module triage
networkly_web/crm/utils.py,404,firm_date_market,False,Inventory and module triage
networkly_web/crm/utils.py,453,firm_date_confidence,False,Inventory and module triage
networkly_web/crm/utils.py,474,confirmed_firm_dates,False,Inventory and module triage
networkly_web/crm/views.py,103,debrief,False,Inventory and module triage
networkly_web/crm/views.py,175,daily_brief,False,Inventory and module triage
networkly_web/crm/views.py,235,debrief_dismiss,False,Inventory and module triage
networkly_web/crm/views.py,247,debrief_promote,False,Inventory and module triage
networkly_web/crm/views.py,261,_dismiss_undo_offer,False,Inventory and module triage
networkly_web/crm/views.py,288,proposal_act,False,Inventory and module triage
networkly_web/crm/views.py,342,mail_fact_act,False,Inventory and module triage
networkly_web/crm/views.py,368,proposals_bulk,False,Inventory and module triage
networkly_web/crm/views.py,407,proposals_undo,False,Inventory and module triage
networkly_web/crm/views.py,449,proposal_restore,False,Inventory and module triage
networkly_web/crm/views.py,491,contact_merge_act,False,Inventory and module triage
networkly_web/crm/views.py,540,contact_merge_undo,False,Inventory and module triage
networkly_web/crm/views.py,563,autopilot_apply,False,Inventory and module triage
networkly_web/crm/views.py,599,autopilot_start,False,Inventory and module triage
networkly_web/crm/views.py,644,autopilot_state,False,Inventory and module triage
networkly_web/crm/views.py,659,autopilot_log,False,Inventory and module triage
networkly_web/crm/views.py,684,autopilot_undo,False,Inventory and module triage
networkly_web/crm/views.py,716,app_event_act,False,Inventory and module triage
networkly_web/crm/views.py,768,_warmth_labels,False,Inventory and module triage
networkly_web/crm/views.py,821,_pick_lever,False,Inventory and module triage
networkly_web/crm/views.py,834,contact_region,False,Inventory and module triage
networkly_web/crm/views.py,853,_group_unplaced,False,Inventory and module triage
networkly_web/crm/views.py,905,_in_scope,False,Inventory and module triage
networkly_web/crm/views.py,980,_stale_window_days,False,Inventory and module triage
networkly_web/crm/views.py,1051,_since_label,False,Inventory and module triage
networkly_web/crm/views.py,1067,_contact_card,False,Inventory and module triage
networkly_web/crm/views.py,1139,contact_list,False,Inventory and module triage
networkly_web/crm/views.py,1231,contact_list._scoped,False,Inventory and module triage
networkly_web/crm/views.py,1454,contact_list.firm_card,False,Inventory and module triage
networkly_web/crm/views.py,1723,set_firm_tier,False,Inventory and module triage
networkly_web/crm/views.py,1755,remove_target_firm,False,Inventory and module triage
networkly_web/crm/views.py,1784,sourcing_event,False,Inventory and module triage
networkly_web/crm/views.py,1831,contact_new,False,Inventory and module triage
networkly_web/crm/views.py,1861,contact_edit,False,Inventory and module triage
networkly_web/crm/views.py,1891,_set_archived,False,Inventory and module triage
networkly_web/crm/views.py,1997,_park_undo_offer,False,Inventory and module triage
networkly_web/crm/views.py,2015,today_park_all,False,Inventory and module triage
networkly_web/crm/views.py,2058,contacts_park_undo,False,Inventory and module triage
networkly_web/crm/views.py,2111,contacts_bulk,False,Inventory and module triage
networkly_web/crm/views.py,2221,contact_archive,False,Inventory and module triage
networkly_web/crm/views.py,2237,contact_unarchive,False,Inventory and module triage
networkly_web/crm/views.py,2275,contact_archived,False,Inventory and module triage
networkly_web/crm/views.py,2321,contact_campaign_hidden,False,Inventory and module triage
networkly_web/crm/views.py,2378,contact_campaign_keep,False,Inventory and module triage
networkly_web/crm/views.py,2406,contact_unrelated,False,Inventory and module triage
networkly_web/crm/views.py,2459,contact_unrelated_keep,False,Inventory and module triage
networkly_web/crm/views.py,2500,park_ts,False,Inventory and module triage
networkly_web/crm/views.py,2525,_parked_cohorts,False,Inventory and module triage
networkly_web/crm/views.py,2607,contact_parked,False,Inventory and module triage
networkly_web/crm/views.py,2628,contact_parked_unpark,False,Inventory and module triage
networkly_web/crm/views.py,2682,contact_detail,False,Inventory and module triage
networkly_web/crm/views.py,2700,log_touch,False,Inventory and module triage
networkly_web/crm/views.py,2813,_override_label,False,Inventory and module triage
networkly_web/crm/views.py,2840,_display_note,False,Inventory and module triage
networkly_web/crm/views.py,2853,_status_line,False,Inventory and module triage
networkly_web/crm/views.py,2883,_park_note,False,Inventory and module triage
networkly_web/crm/views.py,2889,_dead_address_fact,False,Inventory and module triage
networkly_web/crm/views.py,2904,_contact_live_context,False,Inventory and module triage
networkly_web/crm/views.py,3198,contact_opener,False,Inventory and module triage
networkly_web/crm/views.py,3220,contact_role,False,Inventory and module triage
networkly_web/crm/views.py,3254,contact_ai_brief,False,Inventory and module triage
networkly_web/crm/views.py,3293,contact_ai_summary,False,Inventory and module triage
networkly_web/crm/views.py,3325,classify_campaign,False,Inventory and module triage
networkly_web/directory/ai_extract.py,86,AIExtractError.__init__,False,Inventory and module triage
networkly_web/directory/ai_extract.py,98,is_configured,False,Inventory and module triage
networkly_web/directory/ai_extract.py,102,_post_json,False,Inventory and module triage
networkly_web/directory/ai_extract.py,149,_extract_response_text,False,Inventory and module triage
networkly_web/directory/ai_extract.py,157,_parsed_object,False,Inventory and module triage
networkly_web/directory/ai_extract.py,191,_iso_day,False,Inventory and module triage
networkly_web/directory/ai_extract.py,267,_grounded,False,Inventory and module triage
networkly_web/directory/ai_extract.py,282,_grounded.norm,False,Inventory and module triage
networkly_web/directory/ai_extract.py,293,extract_deadline_ai,False,Inventory and module triage
networkly_web/directory/ai_extract.py,397,extract_sponsorship_ai,False,Inventory and module triage
networkly_web/directory/ai_extract.py,499,extract_application_event_ai,False,Inventory and module triage
networkly_web/directory/ai_extract.py,602,extract_mail_fact_ai,False,Inventory and module triage
networkly_web/directory/ai_extract.py,649,complete_text,False,Inventory and module triage
networkly_web/directory/applications.py,68,tokens,False,Inventory and module triage
networkly_web/directory/applications.py,76,title_score,False,Inventory and module triage
networkly_web/directory/applications.py,102,Match.matched,False,Inventory and module triage
networkly_web/directory/applications.py,106,boilerplate,False,Inventory and module triage
networkly_web/directory/applications.py,130,match_application,False,Inventory and module triage
networkly_web/directory/applications.py,157,match_application.score,False,Inventory and module triage
networkly_web/directory/applications.py,197,may_advance,False,Inventory and module triage
networkly_web/directory/boards.py,1024,_shorten,False,Inventory and module triage
networkly_web/directory/boards.py,1047,board_key,False,Inventory and module triage
networkly_web/directory/boards.py,1122,select_boards,False,Inventory and module triage
networkly_web/directory/classify.py,63,_rx,False,Inventory and module triage
networkly_web/directory/classify.py,154,selectable_tracks,False,Inventory and module triage
networkly_web/directory/classify.py,549,normalize_region,False,Inventory and module triage
networkly_web/directory/classify.py,637,region_from_prose,False,Inventory and module triage
networkly_web/directory/classify.py,660,_stated_locations,False,Inventory and module triage
networkly_web/directory/classify.py,711,workday_bullet_locations,False,Inventory and module triage
networkly_web/directory/classify.py,719,location_from_bullets,False,Inventory and module triage
networkly_web/directory/classify.py,731,region_from_fields,False,Inventory and module triage
networkly_web/directory/classify.py,765,_is_location_segment,False,Inventory and module triage
networkly_web/directory/classify.py,772,clean_title,False,Inventory and module triage
networkly_web/directory/classify.py,789,region_from_title_segments,False,Inventory and module triage
networkly_web/directory/classify.py,1250,classify_role,False,Inventory and module triage
networkly_web/directory/classify.py,1346,extract_cohort,False,Inventory and module triage
networkly_web/directory/classify.py,1356,cohort_from_provider_title,False,Inventory and module triage
networkly_web/directory/classify.py,1371,extract_class_year,False,Inventory and module triage
networkly_web/directory/classify.py,1458,derive_class_year,False,Inventory and module triage
networkly_web/directory/classify.py,1506,bucket_from_contract,False,Inventory and module triage
networkly_web/directory/classify.py,1573,bucket_from_event_filing,False,Inventory and module triage
networkly_web/directory/classify.py,1594,board_is_campus,False,Inventory and module triage
networkly_web/directory/classify.py,1609,campus_hint_pairs,False,Inventory and module triage
networkly_web/directory/classify.py,1751,_future_phrase_is_statement,False,Inventory and module triage
networkly_web/directory/classify.py,1761,extract_sponsorship,False,Inventory and module triage
networkly_web/directory/classify.py,1832,extract_deadline_from_text,False,Inventory and module triage
networkly_web/directory/classify.py,1895,posting_text,False,Inventory and module triage
networkly_web/directory/classify.py,1904,posting_text.walk,False,Inventory and module triage
networkly_web/directory/cycle_trust.py,101,_is_fetch_run,False,Inventory and module triage
networkly_web/directory/cycle_trust.py,112,_board_failed,False,Inventory and module triage
networkly_web/directory/cycle_trust.py,122,_match_run,False,Inventory and module triage
networkly_web/directory/cycle_trust.py,141,classify_closes,False,Inventory and module triage
networkly_web/directory/deadlines.py,55,is_posting_closed,False,Inventory and module triage
networkly_web/directory/deadlines.py,74,closing_soon_window,False,Inventory and module triage
networkly_web/directory/deadlines.py,84,is_closing_soon,False,Inventory and module triage
networkly_web/directory/deadlines.py,97,closing_soon_filter,False,Inventory and module triage
networkly_web/directory/dupes.py,89,_workday_has_req,False,Inventory and module triage
networkly_web/directory/dupes.py,105,provider_identity,False,Inventory and module triage
networkly_web/directory/dupes.py,132,collapse_by_identity,False,Inventory and module triage
networkly_web/directory/dupes.py,168,identity_fragment,False,Inventory and module triage
networkly_web/directory/dupes.py,225,normalize_label,False,Inventory and module triage
networkly_web/directory/dupes.py,278,_title_bag,False,Inventory and module triage
networkly_web/directory/dupes.py,283,duplicate_key,False,Inventory and module triage
networkly_web/directory/dupes.py,331,_location_cluster_key,False,Inventory and module triage
networkly_web/directory/dupes.py,344,_survivor_rank,False,Inventory and module triage
networkly_web/directory/dupes.py,387,_stated_grad_claim,False,Inventory and module triage
networkly_web/directory/dupes.py,399,_competing_claims,False,Inventory and module triage
networkly_web/directory/dupes.py,429,_cluster_by_location,False,Inventory and module triage
networkly_web/directory/dupes.py,454,fold_duplicates,False,Inventory and module triage
networkly_web/directory/dupes.py,538,fold_families,False,Inventory and module triage
networkly_web/directory/estimates.py,84,observations_for,False,Inventory and module triage
networkly_web/directory/estimates.py,103,_window,False,Inventory and module triage
networkly_web/directory/estimates.py,115,_has_opens,False,Inventory and module triage
networkly_web/directory/estimates.py,119,_has_closes,False,Inventory and module triage
networkly_web/directory/estimates.py,123,superseded_by,False,Inventory and module triage
networkly_web/directory/estimates.py,155,contradicted_by,False,Inventory and module triage
networkly_web/directory/estimates.py,215,annotate,False,Inventory and module triage
networkly_web/directory/estimates.py,249,contradiction_report,False,Inventory and module triage
networkly_web/directory/facts.py,46,_boundary_before,False,Inventory and module triage
networkly_web/directory/facts.py,51,_boundary_after,False,Inventory and module triage
networkly_web/directory/facts.py,56,_sentence,False,Inventory and module triage
networkly_web/directory/facts.py,105,_strip_chrome,False,Inventory and module triage
networkly_web/directory/facts.py,120,_clean,False,Inventory and module triage
networkly_web/directory/facts.py,194,_gpa_is_hedged,False,Inventory and module triage
networkly_web/directory/facts.py,204,_dual_scale_value,False,Inventory and module triage
networkly_web/directory/facts.py,225,extract_gpa,False,Inventory and module triage
networkly_web/directory/facts.py,352,extract_grad_years,False,Inventory and module triage
networkly_web/directory/facts.py,478,extract_start_year,False,Inventory and module triage
networkly_web/directory/facts.py,557,extract_languages,False,Inventory and module triage
networkly_web/directory/facts.py,593,_requirement_negated,False,Inventory and module triage
networkly_web/directory/facts.py,612,extract_cover_letter,False,Inventory and module triage
networkly_web/directory/facts.py,643,extract_assessment,False,Inventory and module triage
networkly_web/directory/facts.py,712,_money,False,Inventory and module triage
networkly_web/directory/facts.py,719,_rate,False,Inventory and module triage
networkly_web/directory/facts.py,766,_trim_footer,False,Inventory and module triage
networkly_web/directory/facts.py,774,_pay_candidates,False,Inventory and module triage
networkly_web/directory/facts.py,793,_pay_single,False,Inventory and module triage
networkly_web/directory/facts.py,827,extract_pay,False,Inventory and module triage
networkly_web/directory/facts.py,879,extract_rolling,False,Inventory and module triage
networkly_web/directory/facts.py,961,_study_label,False,Inventory and module triage
networkly_web/directory/facts.py,976,extract_study_stage,False,Inventory and module triage
networkly_web/directory/facts.py,1022,extract_duration,False,Inventory and module triage
networkly_web/directory/facts.py,1064,extract_transcript,False,Inventory and module triage
networkly_web/directory/facts.py,1088,extract_facts,False,Inventory and module triage
networkly_web/directory/facts.py,1147,_heading_alt,False,Inventory and module triage
networkly_web/directory/facts.py,1166,paragraphs,False,Inventory and module triage
networkly_web/directory/firm_logos.py,12,verified_library,False,Inventory and module triage
networkly_web/directory/firm_logos.py,37,firm_logo_url,False,Inventory and module triage
networkly_web/directory/firm_merge.py,53,find_duplicate_firm_groups,False,Inventory and module triage
networkly_web/directory/firm_merge.py,74,_stage_rank,False,Inventory and module triage
networkly_web/directory/firm_merge.py,79,_merge_user_opportunity,False,Inventory and module triage
networkly_web/directory/firm_merge.py,93,_reparent_user_opportunities,False,Inventory and module triage
networkly_web/directory/firm_merge.py,103,_merge_opportunity_pair,False,Inventory and module triage
networkly_web/directory/firm_merge.py,136,_merge_firm_dates,False,Inventory and module triage
networkly_web/directory/firm_merge.py,166,_merge_user_firms,False,Inventory and module triage
networkly_web/directory/firm_merge.py,185,_merge_email_pattern_stats,False,Inventory and module triage
networkly_web/directory/firm_merge.py,197,merge_firms,False,Inventory and module triage
networkly_web/directory/health.py,92,_is_walled,False,Inventory and module triage
networkly_web/directory/health.py,96,_is_guard_notice,False,Inventory and module triage
networkly_web/directory/health.py,106,_is_wipe_guard,False,Inventory and module triage
networkly_web/directory/health.py,111,_is_real_failure,False,Inventory and module triage
networkly_web/directory/health.py,115,repeat_failures,False,Inventory and module triage
networkly_web/directory/health.py,146,walled_boards,False,Inventory and module triage
networkly_web/directory/health.py,203,duplicate_firms,False,Inventory and module triage
networkly_web/directory/health.py,261,guarded_boards,False,Inventory and module triage
networkly_web/directory/health.py,285,boards_that_never_yield,False,Inventory and module triage
networkly_web/directory/health.py,340,board_health,False,Inventory and module triage
networkly_web/directory/health.py,484,board_health_table,False,Inventory and module triage
networkly_web/directory/health.py,504,boards_unreachable_by_policy,False,Inventory and module triage
networkly_web/directory/health.py,535,firms_without_campus_board,False,Inventory and module triage
networkly_web/directory/health.py,581,enrichment_health,False,Inventory and module triage
networkly_web/directory/health.py,622,health_report,False,Inventory and module triage
networkly_web/directory/ingest.py,101,_merge_raw,False,Inventory and module triage
networkly_web/directory/ingest.py,119,content_hash_for,False,Inventory and module triage
networkly_web/directory/ingest.py,137,_parse_deadline,False,Inventory and module triage
networkly_web/directory/ingest.py,187,_FirmResolver.__init__,False,Inventory and module triage
networkly_web/directory/ingest.py,191,_FirmResolver.resolve,False,Inventory and module triage
networkly_web/directory/ingest.py,207,_FirmResolver._unique_slug,False,Inventory and module triage
networkly_web/directory/ingest.py,217,_apply_opportunity,False,Inventory and module triage
networkly_web/directory/ingest.py,568,_match_by_identity,False,Inventory and module triage
networkly_web/directory/ingest.py,591,ingest_results,False,Inventory and module triage
networkly_web/directory/ingest.py,783,_derive_label,False,Inventory and module triage
networkly_web/directory/ingest.py,790,_banked_open_rows,False,Inventory and module triage
networkly_web/directory/ingest.py,852,ingest_boards,False,Inventory and module triage
networkly_web/directory/management/commands/audit_close_trust.py,24,Command.handle,False,Inventory and module triage
networkly_web/directory/management/commands/audit_firm_logos.py,42,Command.add_arguments,False,Inventory and module triage
networkly_web/directory/management/commands/audit_firm_logos.py,46,Command.handle,False,Inventory and module triage
networkly_web/directory/management/commands/backfill_class_year_derived.py,99,expected_class_year_derived,False,Inventory and module triage
networkly_web/directory/management/commands/backfill_class_year_derived.py,139,Command.add_arguments,False,Inventory and module triage
networkly_web/directory/management/commands/backfill_class_year_derived.py,150,Command.handle,False,Inventory and module triage
networkly_web/directory/management/commands/backfill_detail_locations.py,49,Command.add_arguments,False,Inventory and module triage
networkly_web/directory/management/commands/backfill_detail_locations.py,59,Command.handle,False,Inventory and module triage
networkly_web/directory/management/commands/backfill_sitemap_postal_titles.py,39,Command.add_arguments,False,Inventory and module triage
networkly_web/directory/management/commands/backfill_sitemap_postal_titles.py,50,Command.handle,False,Inventory and module triage
networkly_web/directory/management/commands/backfill_sponsorship.py,50,Command.add_arguments,False,Inventory and module triage
networkly_web/directory/management/commands/backfill_sponsorship.py,60,Command.handle,False,Inventory and module triage
networkly_web/directory/management/commands/board_health.py,26,Command.add_arguments,False,Inventory and module triage
networkly_web/directory/management/commands/board_health.py,31,Command.handle,False,Inventory and module triage
networkly_web/directory/management/commands/build_cycle_observations.py,124,Command.add_arguments,False,Inventory and module triage
networkly_web/directory/management/commands/build_cycle_observations.py,128,Command.handle,False,Inventory and module triage
networkly_web/directory/management/commands/calibrate_recommender.py,68,_label,False,Inventory and module triage
networkly_web/directory/management/commands/calibrate_recommender.py,82,Command.add_arguments,False,Inventory and module triage
networkly_web/directory/management/commands/calibrate_recommender.py,90,Command.handle,False,Inventory and module triage
networkly_web/directory/management/commands/capture_applications.py,52,_resolve_firm,False,Inventory and module triage
networkly_web/directory/management/commands/capture_applications.py,63,_applied_at,False,Inventory and module triage
networkly_web/directory/management/commands/capture_applications.py,82,Command.add_arguments,False,Inventory and module triage
networkly_web/directory/management/commands/capture_applications.py,87,Command.handle,False,Inventory and module triage
networkly_web/directory/management/commands/close_confirmed_dead_rows.py,87,Command.add_arguments,False,Inventory and module triage
networkly_web/directory/management/commands/close_confirmed_dead_rows.py,97,Command.handle,False,Inventory and module triage
networkly_web/directory/management/commands/dedupe_opportunities.py,56,Command.add_arguments,False,Inventory and module triage
networkly_web/directory/management/commands/dedupe_opportunities.py,74,Command.handle,False,Inventory and module triage
networkly_web/directory/management/commands/dedupe_opportunities.py,129,Command._section,False,Inventory and module triage
networkly_web/directory/management/commands/enrich_postings.py,105,workday_api_url,False,Inventory and module triage
networkly_web/directory/management/commands/enrich_postings.py,180,jobposting_jsonld,False,Inventory and module triage
networkly_web/directory/management/commands/enrich_postings.py,226,microdata_jobposting_location,False,Inventory and module triage
networkly_web/directory/management/commands/enrich_postings.py,262,plain_text_jobposting_location,False,Inventory and module triage
networkly_web/directory/management/commands/enrich_postings.py,287,drop_postal_parts,False,Inventory and module triage
networkly_web/directory/management/commands/enrich_postings.py,295,stated_page_location,False,Inventory and module triage
networkly_web/directory/management/commands/enrich_postings.py,331,page_title,False,Inventory and module triage
networkly_web/directory/management/commands/enrich_postings.py,336,robots_ok,False,Inventory and module triage
networkly_web/directory/management/commands/enrich_postings.py,352,fetch_posting,False,Inventory and module triage
networkly_web/directory/management/commands/enrich_postings.py,494,has_live_api,False,Inventory and module triage
networkly_web/directory/management/commands/enrich_postings.py,533,page_text,False,Inventory and module triage
networkly_web/directory/management/commands/enrich_postings.py,580,_fetched_at,False,Inventory and module triage
networkly_web/directory/management/commands/enrich_postings.py,590,_queue,False,Inventory and module triage
networkly_web/directory/management/commands/enrich_postings.py,682,payload_text,False,Inventory and module triage
networkly_web/directory/management/commands/enrich_postings.py,692,payload_text.walk,False,Inventory and module triage
networkly_web/directory/management/commands/enrich_postings.py,731,Command.add_arguments,False,Inventory and module triage
networkly_web/directory/management/commands/enrich_postings.py,746,Command.handle,False,Inventory and module triage
networkly_web/directory/management/commands/extract_deadlines_ai.py,39,_parsed,False,Inventory and module triage
networkly_web/directory/management/commands/extract_deadlines_ai.py,59,Command.add_arguments,False,Inventory and module triage
networkly_web/directory/management/commands/extract_deadlines_ai.py,71,Command.handle,False,Inventory and module triage
networkly_web/directory/management/commands/extract_facts.py,33,Command.add_arguments,False,Inventory and module triage
networkly_web/directory/management/commands/extract_facts.py,41,Command.handle,False,Inventory and module triage
networkly_web/directory/management/commands/extract_sponsorship_ai.py,68,_estimated_cost,False,Inventory and module triage
networkly_web/directory/management/commands/extract_sponsorship_ai.py,80,Command.add_arguments,False,Inventory and module triage
networkly_web/directory/management/commands/extract_sponsorship_ai.py,91,Command._eligible_rows,False,Inventory and module triage
networkly_web/directory/management/commands/extract_sponsorship_ai.py,123,Command.handle,False,Inventory and module triage
networkly_web/directory/management/commands/fetch_firm_logos.py,113,root_domain,False,Inventory and module triage
networkly_web/directory/management/commands/fetch_firm_logos.py,125,candidates,False,Inventory and module triage
networkly_web/directory/management/commands/fetch_firm_logos.py,143,robots_ok,False,Inventory and module triage
networkly_web/directory/management/commands/fetch_firm_logos.py,168,site_icons,False,Inventory and module triage
networkly_web/directory/management/commands/fetch_firm_logos.py,206,page_logos,False,Inventory and module triage
networkly_web/directory/management/commands/fetch_firm_logos.py,252,sources,False,Inventory and module triage
networkly_web/directory/management/commands/fetch_firm_logos.py,275,_cairo_dir,False,Inventory and module triage
networkly_web/directory/management/commands/fetch_firm_logos.py,286,_rasterise_svg,False,Inventory and module triage
networkly_web/directory/management/commands/fetch_firm_logos.py,305,_svg_to_png,False,Inventory and module triage
networkly_web/directory/management/commands/fetch_firm_logos.py,344,_fetch,False,Inventory and module triage
networkly_web/directory/management/commands/fetch_firm_logos.py,373,melts_in,False,Inventory and module triage
networkly_web/directory/management/commands/fetch_firm_logos.py,411,best_logo,False,Inventory and module triage
networkly_web/directory/management/commands/fetch_firm_logos.py,433,trim,False,Inventory and module triage
networkly_web/directory/management/commands/fetch_firm_logos.py,445,to_png,False,Inventory and module triage
networkly_web/directory/management/commands/fetch_firm_logos.py,472,Command.add_arguments,False,Inventory and module triage
networkly_web/directory/management/commands/fetch_firm_logos.py,478,Command.handle,False,Inventory and module triage
networkly_web/directory/management/commands/import_firm_dates.py,153,infer_cycle,False,Inventory and module triage
networkly_web/directory/management/commands/import_firm_dates.py,175,_parse_date,False,Inventory and module triage
networkly_web/directory/management/commands/import_firm_dates.py,203,Command.add_arguments,False,Inventory and module triage
networkly_web/directory/management/commands/import_firm_dates.py,221,Command.handle,False,Inventory and module triage
networkly_web/directory/management/commands/merge_duplicate_firms.py,33,Command.add_arguments,False,Inventory and module triage
networkly_web/directory/management/commands/merge_duplicate_firms.py,39,Command.handle,False,Inventory and module triage
networkly_web/directory/management/commands/normalize_workday_locations.py,45,Command.add_arguments,False,Inventory and module triage
networkly_web/directory/management/commands/normalize_workday_locations.py,63,Command.handle,False,Inventory and module triage
networkly_web/directory/management/commands/reclassify.py,62,Command.add_arguments,False,Inventory and module triage
networkly_web/directory/management/commands/reclassify.py,65,Command.handle,False,Inventory and module triage
networkly_web/directory/management/commands/refresh.py,60,Command.add_arguments,False,Inventory and module triage
networkly_web/directory/management/commands/refresh.py,79,Command.handle,False,Inventory and module triage
networkly_web/directory/management/commands/refresh_grad_facts.py,65,refreshed_grad_fact,False,Inventory and module triage
networkly_web/directory/management/commands/refresh_grad_facts.py,76,_bounds,False,Inventory and module triage
networkly_web/directory/management/commands/refresh_grad_facts.py,87,classify_change,False,Inventory and module triage
networkly_web/directory/management/commands/refresh_grad_facts.py,104,_describe,False,Inventory and module triage
networkly_web/directory/management/commands/refresh_grad_facts.py,120,Command.add_arguments,False,Inventory and module triage
networkly_web/directory/management/commands/refresh_grad_facts.py,131,Command.handle,False,Inventory and module triage
networkly_web/directory/management/commands/relabel_firm_dates.py,100,Command.add_arguments,False,Inventory and module triage
networkly_web/directory/management/commands/relabel_firm_dates.py,108,Command.handle,False,Inventory and module triage
networkly_web/directory/management/commands/relabel_firm_dates.py,140,Command._relabel_cycles,False,Inventory and module triage
networkly_web/directory/management/commands/relabel_firm_dates.py,209,Command._downgrade_unverifiable,False,Inventory and module triage
networkly_web/directory/management/commands/relabel_firm_dates.py,251,Command._reseed_estimates,False,Inventory and module triage
networkly_web/directory/management/commands/relabel_firm_dates.py,310,_band_label,False,Inventory and module triage
networkly_web/directory/management/commands/reopen_confirmed_live_rows.py,122,Command.add_arguments,False,Inventory and module triage
networkly_web/directory/management/commands/reopen_confirmed_live_rows.py,132,Command.handle,False,Inventory and module triage
networkly_web/directory/management/commands/reopen_truncated_oracle_closures.py,45,Command.add_arguments,False,Inventory and module triage
networkly_web/directory/management/commands/reopen_truncated_oracle_closures.py,55,Command.handle,False,Inventory and module triage
networkly_web/directory/management/commands/repair_blanked_regions.py,88,_from_change_log,False,Inventory and module triage
networkly_web/directory/management/commands/repair_blanked_regions.py,110,_from_payload,False,Inventory and module triage
networkly_web/directory/management/commands/repair_blanked_regions.py,128,_from_siblings,False,Inventory and module triage
networkly_web/directory/management/commands/repair_blanked_regions.py,142,_from_firm_market,False,Inventory and module triage
networkly_web/directory/management/commands/repair_blanked_regions.py,160,Command.add_arguments,False,Inventory and module triage
networkly_web/directory/management/commands/repair_blanked_regions.py,174,Command.handle,False,Inventory and module triage
networkly_web/directory/management/commands/repair_blanked_regions.py,241,Command._recover,False,Inventory and module triage
networkly_web/directory/management/commands/repair_blanked_regions.py,259,Command._report,False,Inventory and module triage
networkly_web/directory/management/commands/reverify.py,147,_fresh_deadline,False,Inventory and module triage
networkly_web/directory/management/commands/reverify.py,192,_verify_confidence,False,Inventory and module triage
networkly_web/directory/management/commands/reverify.py,206,Command.add_arguments,False,Inventory and module triage
networkly_web/directory/management/commands/reverify.py,220,Command.handle,False,Inventory and module triage
networkly_web/directory/management/commands/reverify.py,274,Command.handle.check,False,Inventory and module triage
networkly_web/directory/management/commands/review_firm_date_cycles.py,41,Command.add_arguments,False,Inventory and module triage
networkly_web/directory/management/commands/review_firm_date_cycles.py,47,Command.handle,False,Inventory and module triage
networkly_web/directory/management/commands/review_firm_date_cycles.py,86,_original_cycle,False,Inventory and module triage
networkly_web/directory/management/commands/scrape.py,43,Command.add_arguments,False,Inventory and module triage
networkly_web/directory/management/commands/scrape.py,50,Command.handle,False,Inventory and module triage
networkly_web/directory/management/commands/scrape.py,154,_with_firm_name,False,Inventory and module triage
networkly_web/directory/management/commands/seed_directory.py,90,_partial_date,False,Inventory and module triage
networkly_web/directory/management/commands/seed_directory.py,108,_found_dt,False,Inventory and module triage
networkly_web/directory/management/commands/seed_directory.py,115,_sponsors_blob,False,Inventory and module triage
networkly_web/directory/management/commands/seed_directory.py,133,Command.add_arguments,False,Inventory and module triage
networkly_web/directory/management/commands/seed_directory.py,139,Command.handle,False,Inventory and module triage
networkly_web/directory/management/commands/seed_directory.py,175,Command.handle_firm_dates_only,False,Inventory and module triage
networkly_web/directory/management/commands/seed_directory.py,196,Command._warn_if_legacy_drifted,False,Inventory and module triage
networkly_web/directory/management/commands/seed_directory.py,233,Command._seed_firms,False,Inventory and module triage
networkly_web/directory/management/commands/seed_directory.py,260,Command._seed_firm_dates,False,Inventory and module triage
networkly_web/directory/management/commands/seed_logo_domains.py,29,Command.add_arguments,False,Inventory and module triage
networkly_web/directory/management/commands/seed_logo_domains.py,32,Command.handle,False,Inventory and module triage
networkly_web/directory/management/commands/seed_mail_domains.py,93,Command.add_arguments,False,Inventory and module triage
networkly_web/directory/management/commands/seed_mail_domains.py,96,Command.handle,False,Inventory and module triage
networkly_web/directory/management/commands/seed_mail_domains.py,183,Command._resolve,False,Inventory and module triage
networkly_web/directory/management/commands/set_firm_date_times.py,80,Command.add_arguments,False,Inventory and module triage
networkly_web/directory/management/commands/set_firm_date_times.py,88,Command.handle,False,Inventory and module triage
networkly_web/directory/management/commands/set_firm_date_times.py,159,Command._match,False,Inventory and module triage
networkly_web/directory/management/commands/set_firm_date_times.py,192,Command._parse_date,False,Inventory and module triage
networkly_web/directory/management/commands/set_firm_date_times.py,208,Command._parse_time,False,Inventory and module triage
networkly_web/directory/models.py,128,Firm.__str__,False,Inventory and module triage
networkly_web/directory/models.py,132,Firm.logo_url,False,Inventory and module triage
networkly_web/directory/models.py,275,Opportunity.__str__,False,Inventory and module triage
networkly_web/directory/models.py,388,OpportunityChange.__str__,False,Inventory and module triage
networkly_web/directory/models.py,392,OpportunityChange.render_value,False,Inventory and module triage
networkly_web/directory/models.py,403,OpportunityChange.entry,False,Inventory and module triage
networkly_web/directory/models.py,419,OpportunityChange.prune,False,Inventory and module triage
networkly_web/directory/models.py,649,FirmDate.__str__,False,Inventory and module triage
networkly_web/directory/models.py,652,FirmDate.closes_at,False,Inventory and module triage
networkly_web/directory/models.py,678,FirmDate.close_time_label,False,Inventory and module triage
networkly_web/directory/models.py,808,FirmCycleObservation.__str__,False,Inventory and module triage
networkly_web/directory/models.py,829,EmailPatternStats.__str__,False,Inventory and module triage
networkly_web/directory/models.py,845,ScrapeRun.__str__,False,Inventory and module triage
networkly_web/directory/open_runs.py,121,_cutoff_generation,False,Inventory and module triage
networkly_web/directory/open_runs.py,148,_cutoff_cache_key,False,Inventory and module triage
networkly_web/directory/open_runs.py,167,onboarding_cutoffs,False,Inventory and module triage
networkly_web/directory/open_runs.py,225,open_run_days,False,Inventory and module triage
networkly_web/directory/open_runs.py,272,firm_open_runs,False,Inventory and module triage
networkly_web/directory/recommend.py,522,school_region,False,Inventory and module triage
networkly_web/directory/recommend.py,644,cycle_choices,False,Inventory and module triage
networkly_web/directory/recommend.py,666,parse_target_cycle,False,Inventory and module triage
networkly_web/directory/recommend.py,691,_int_or_none,False,Inventory and module triage
networkly_web/directory/recommend.py,745,Profile.school_region,False,Inventory and module triage
networkly_web/directory/recommend.py,749,Profile.level,False,Inventory and module triage
networkly_web/directory/recommend.py,756,Profile.is_empty,False,Inventory and module triage
networkly_web/directory/recommend.py,768,Profile.from_user,False,Inventory and module triage
networkly_web/directory/recommend.py,847,Candidate.from_opportunity,False,Inventory and module triage
networkly_web/directory/recommend.py,873,Recommendation.why,False,Inventory and module triage
networkly_web/directory/recommend.py,883,_stated_grad_window,False,Inventory and module triage
networkly_web/directory/recommend.py,923,stated_class_mismatch,False,Inventory and module triage
networkly_web/directory/recommend.py,931,_names_same_bucket_other_year,False,Inventory and module triage
networkly_web/directory/recommend.py,945,_class_fit,False,Inventory and module triage
networkly_web/directory/recommend.py,1124,_region_fit,False,Inventory and module triage
networkly_web/directory/recommend.py,1636,_track_spans,False,Inventory and module triage
networkly_web/directory/recommend.py,1643,_stated_track,False,Inventory and module triage
networkly_web/directory/recommend.py,1652,_names_non_track,False,Inventory and module triage
networkly_web/directory/recommend.py,1681,role_function,False,Inventory and module triage
networkly_web/directory/recommend.py,1741,role_matches_tracks,False,Inventory and module triage
networkly_web/directory/recommend.py,1821,role_matches_regions,False,Inventory and module triage
networkly_web/directory/recommend.py,1919,role_level,False,Inventory and module triage
networkly_web/directory/recommend.py,1946,student_level,False,Inventory and module triage
networkly_web/directory/recommend.py,1981,level_mismatch,False,Inventory and module triage
networkly_web/directory/recommend.py,1987,role_matches_level,False,Inventory and module triage
networkly_web/directory/recommend.py,2082,_track_fit,False,Inventory and module triage
networkly_web/directory/recommend.py,2147,_tier_fit,False,Inventory and module triage
networkly_web/directory/recommend.py,2166,_network_fit,False,Inventory and module triage
networkly_web/directory/recommend.py,2214,score_candidate,False,Inventory and module triage
networkly_web/directory/recommend.py,2225,_sort_key,False,Inventory and module triage
networkly_web/directory/recommend.py,2249,recommend,False,Inventory and module triage
networkly_web/directory/seed_parsers.py,32,_split_top_level,False,Inventory and module triage
networkly_web/directory/seed_parsers.py,51,_scalar,False,Inventory and module triage
networkly_web/directory/seed_parsers.py,67,_flow_value,False,Inventory and module triage
networkly_web/directory/seed_parsers.py,77,parse_firms_yaml,False,Inventory and module triage
networkly_web/directory/seed_parsers.py,106,_parse_timeline_entry,False,Inventory and module triage
networkly_web/directory/seed_parsers.py,153,_block_entries,False,Inventory and module triage
networkly_web/directory/seed_parsers.py,181,parse_timeline_phases,False,Inventory and module triage
networkly_web/directory/seed_parsers.py,202,parse_timeline_yaml,False,Inventory and module triage
networkly_web/directory/seed_parsers.py,244,parse_firm_date_times,False,Inventory and module triage
networkly_web/directory/sponsorship.py,45,_resolve_firm_fact,False,Inventory and module triage
networkly_web/directory/sponsorship.py,81,effective_sponsorship,False,Inventory and module triage
networkly_web/directory/sponsorship.py,103,firm_policy_map,False,Inventory and module triage
networkly_web/directory/sponsorship.py,135,firm_policy_q,False,Inventory and module triage
networkly_web/directory/timeline.py,114,parse_cycle,False,Inventory and module triage
networkly_web/directory/timeline.py,162,is_valid_cycle,False,Inventory and module triage
networkly_web/directory/timeline.py,168,is_valid_track,False,Inventory and module triage
networkly_web/directory/timeline.py,174,cycle_slug_for_target,False,Inventory and module triage
networkly_web/directory/timeline.py,191,cycle_text,False,Inventory and module triage
networkly_web/directory/views.py,157,confidence_marker,False,Inventory and module triage
networkly_web/directory/views.py,224,deadline_provenance,False,Inventory and module triage
networkly_web/directory/views.py,258,_month_distance,False,Inventory and module triage
networkly_web/directory/views.py,266,deadline_marker,False,Inventory and module triage
networkly_web/directory/views.py,339,_class_tag,False,Inventory and module triage
networkly_web/directory/views.py,487,_is_street,False,Inventory and module triage
networkly_web/directory/views.py,493,_split_colon_join,False,Inventory and module triage
networkly_web/directory/views.py,508,_tidy_entry,False,Inventory and module triage
networkly_web/directory/views.py,534,tidy_place,False,Inventory and module triage
networkly_web/directory/views.py,565,_place,False,Inventory and module triage
networkly_web/directory/views.py,585,_card,False,Inventory and module triage
networkly_web/directory/views.py,658,_title_without_place_echo,False,Inventory and module triage
networkly_web/directory/views.py,671,_monogram,False,Inventory and module triage
networkly_web/directory/views.py,679,_pick_card,False,Inventory and module triage
networkly_web/directory/views.py,706,_reason_key,False,Inventory and module triage
networkly_web/directory/views.py,747,_pick_why_line,False,Inventory and module triage
networkly_web/directory/views.py,804,_cycle_not_open_note,False,Inventory and module triage
networkly_web/directory/views.py,839,_cycle_not_open_note._open,False,Inventory and module triage
networkly_web/directory/views.py,904,_cycle_open_parts,False,Inventory and module triage
networkly_web/directory/views.py,1020,_cycle_open_provenance,False,Inventory and module triage
networkly_web/directory/views.py,1024,cycle_open_estimate,False,Inventory and module triage
networkly_web/directory/views.py,1039,cycle_open_note,False,Inventory and module triage
networkly_web/directory/views.py,1061,_group_picks,False,Inventory and module triage
networkly_web/directory/views.py,1114,_group_picks.universal,False,Inventory and module triage
networkly_web/directory/views.py,1157,_cycle_suffix,False,Inventory and module triage
networkly_web/directory/views.py,1165,cycle_region,False,Inventory and module triage
networkly_web/directory/views.py,1176,cycle_label,False,Inventory and module triage
networkly_web/directory/views.py,1268,_source_marker,False,Inventory and module triage
networkly_web/directory/views.py,1303,_firm_date_row,False,Inventory and module triage
networkly_web/directory/views.py,1397,_cycle_scope,False,Inventory and module triage
networkly_web/directory/views.py,1420,_contradiction_scope,False,Inventory and module triage
networkly_web/directory/views.py,1434,_drop_contradicted_openings,False,Inventory and module triage
networkly_web/directory/views.py,1483,_flag_conflicting_closes,False,Inventory and module triage
networkly_web/directory/views.py,1535,_stated_cycle_slugs,False,Inventory and module triage
networkly_web/directory/views.py,1556,_timeline,False,Inventory and module triage
networkly_web/directory/views.py,1635,_cap_roles_per_column,False,Inventory and module triage
networkly_web/directory/views.py,1660,_window_text,False,Inventory and module triage
networkly_web/directory/views.py,1671,_cycle_observed,False,Inventory and module triage
networkly_web/directory/views.py,1746,_apply_region_filter,False,Inventory and module triage
networkly_web/directory/views.py,1761,_region_facet,False,Inventory and module triage
networkly_web/directory/views.py,1812,_row_tracks,False,Inventory and module triage
networkly_web/directory/views.py,1845,_firm_tracks_map,False,Inventory and module triage
networkly_web/directory/views.py,1850,_apply_track_filter,False,Inventory and module triage
networkly_web/directory/views.py,1895,_track_facet,False,Inventory and module triage
networkly_web/directory/views.py,2028,_apply_role_filter,False,Inventory and module triage
networkly_web/directory/views.py,2041,_effective_role,False,Inventory and module triage
networkly_web/directory/views.py,2054,_apply_filters,False,Inventory and module triage
networkly_web/directory/views.py,2118,_apply_sponsorship_filter,False,Inventory and module triage
networkly_web/directory/views.py,2136,_sponsorship_facet,False,Inventory and module triage
networkly_web/directory/views.py,2180,_apply_year_filter,False,Inventory and module triage
networkly_web/directory/views.py,2201,_year_facet,False,Inventory and module triage
networkly_web/directory/views.py,2351,_abandoned_note,False,Inventory and module triage
networkly_web/directory/views.py,2385,_unconfirmed_note,False,Inventory and module triage
networkly_web/directory/views.py,2510,_language_chip_label,False,Inventory and module triage
networkly_web/directory/views.py,2537,_standing_matches_grad,False,Inventory and module triage
networkly_web/directory/views.py,2572,_fact_chips,False,Inventory and module triage
networkly_web/directory/views.py,2731,_eligibility_profile,False,Inventory and module triage
networkly_web/directory/views.py,2758,_language_fit,False,Inventory and module triage
networkly_web/directory/views.py,2810,_eligibility,False,Inventory and module triage
networkly_web/directory/views.py,2955,_urgency_item,False,Inventory and module triage
networkly_web/directory/views.py,3224,_family_key,False,Inventory and module triage
networkly_web/directory/views.py,3237,_group_city_variants,False,Inventory and module triage
networkly_web/directory/views.py,3263,_urgency_feed,False,Inventory and module triage
networkly_web/directory/views.py,3308,_urgency_feed.rolling_key,False,Inventory and module triage
networkly_web/directory/views.py,3324,cycle_months,False,Inventory and module triage
networkly_web/directory/views.py,3371,_qs_without,False,Inventory and module triage
networkly_web/directory/views.py,3381,opportunities,False,Inventory and module triage
networkly_web/directory/views.py,3562,opportunities._folded_count,False,Inventory and module triage
networkly_web/directory/views.py,3995,opportunities._cluster_key,False,Inventory and module triage
networkly_web/directory/views.py,4371,_track_control,False,Inventory and module triage
networkly_web/directory/views.py,4413,_drawer_sponsorship,False,Inventory and module triage
networkly_web/directory/views.py,4455,picked_roles,False,Inventory and module triage
networkly_web/directory/views.py,4577,picked_roles._family,False,Inventory and module triage
networkly_web/directory/views.py,4617,pick_save_ids,False,Inventory and module triage
networkly_web/directory/views.py,4654,_scoring_profile,False,Inventory and module triage
networkly_web/directory/views.py,4691,_drawer_pick_why,False,Inventory and module triage
networkly_web/directory/views.py,4717,role_description,False,Inventory and module triage
networkly_web/directory/views.py,4837,track_eligible,False,Inventory and module triage
networkly_web/directory/views.py,4985,track_eligible_undo,False,Inventory and module triage
networkly_web/directory/views.py,5030,clear_saved,False,Inventory and module triage
networkly_web/directory/views.py,5075,_refresh_feed,False,Inventory and module triage
networkly_web/directory/views.py,5104,_dismiss_undo_offer,False,Inventory and module triage
networkly_web/directory/views.py,5122,_one_rolecard,False,Inventory and module triage
networkly_web/directory/views.py,5154,track_opportunity,False,Inventory and module triage
networkly_web/directory/views.py,5275,_urgency_band,False,Inventory and module triage
networkly_web/directory/views.py,5291,_posting_closed_note,False,Inventory and module triage
networkly_web/directory/views.py,5334,_lens_item,False,Inventory and module triage
networkly_web/directory/views.py,5394,_stage_net,False,Inventory and module triage
networkly_web/directory/views.py,5408,_stage_card,False,Inventory and module triage
networkly_web/directory/views.py,5452,_tracked_rows,False,Inventory and module triage
networkly_web/directory/views.py,5497,_my_applications_context,False,Inventory and module triage
networkly_web/directory/views.py,5766,my_applications,False,Inventory and module triage
networkly_web/directory/views.py,5785,_role_groups,False,Inventory and module triage
networkly_web/directory/views.py,5823,_open_markets,False,Inventory and module triage
networkly_web/directory/views.py,5855,firm_detail,False,Inventory and module triage
networkly_web/directory/views.py,5992,_my_network_at,False,Inventory and module triage
networkly_web/directory/views.py,6102,_people_at_firms,False,Inventory and module triage
networkly_web/directory/views.py,6154,_person_row,False,Inventory and module triage
networkly_web/directory/views.py,6170,_role_people,False,Inventory and module triage
networkly_web/manage.py,7,main,False,Inventory and module triage
networkly_web/networkly_web/tenancy.py,56,TenantQuerySet.for_user,False,Inventory and module triage
networkly_web/networkly_web/tenancy.py,66,TenantManager.get_queryset,False,Inventory and module triage
networkly_web/networkly_web/tenancy.py,74,TenantManager.for_user,False,Inventory and module triage
networkly_web/ops/admin.py,23,JobRunAdmin.has_change_permission,False,Inventory and module triage
networkly_web/ops/admin.py,26,JobRunAdmin.has_add_permission,False,Inventory and module triage
networkly_web/ops/admin.py,29,JobRunAdmin.has_delete_permission,False,Inventory and module triage
networkly_web/ops/management/commands/deploy_preflight.py,66,_looks_like_placeholder,False,Inventory and module triage
networkly_web/ops/management/commands/deploy_preflight.py,75,_configured,False,Inventory and module triage
networkly_web/ops/management/commands/deploy_preflight.py,79,_https_origin,False,Inventory and module triage
networkly_web/ops/management/commands/deploy_preflight.py,106,Check.__init__,False,Inventory and module triage
networkly_web/ops/management/commands/deploy_preflight.py,111,Check.render,False,Inventory and module triage
networkly_web/ops/management/commands/deploy_preflight.py,119,Command.add_arguments,False,Inventory and module triage
networkly_web/ops/management/commands/deploy_preflight.py,129,Command.handle,False,Inventory and module triage
networkly_web/ops/management/commands/deploy_preflight.py,188,Command._settings_module,False,Inventory and module triage
networkly_web/ops/management/commands/deploy_preflight.py,198,Command._secret_key,False,Inventory and module triage
networkly_web/ops/management/commands/deploy_preflight.py,210,Command._allowed_hosts,False,Inventory and module triage
networkly_web/ops/management/commands/deploy_preflight.py,227,Command._csrf_origins,False,Inventory and module triage
networkly_web/ops/management/commands/deploy_preflight.py,237,Command._healthz_exempt,False,Inventory and module triage
networkly_web/ops/management/commands/deploy_preflight.py,259,Command._database,False,Inventory and module triage
networkly_web/ops/management/commands/deploy_preflight.py,287,Command._redis,False,Inventory and module triage
networkly_web/ops/management/commands/deploy_preflight.py,305,Command._site_url,False,Inventory and module triage
networkly_web/ops/management/commands/deploy_preflight.py,319,Command._email,False,Inventory and module triage
networkly_web/ops/management/commands/deploy_preflight.py,346,Command._google_login,False,Inventory and module triage
networkly_web/ops/management/commands/deploy_preflight.py,374,Command._gmail_live,False,Inventory and module triage
networkly_web/ops/management/commands/deploy_preflight.py,401,Command._stripe,False,Inventory and module triage
networkly_web/ops/management/commands/deploy_preflight.py,425,Command._vapid,False,Inventory and module triage
networkly_web/ops/management/commands/deploy_preflight.py,447,Command._sentry,False,Inventory and module triage
networkly_web/ops/management/commands/deploy_preflight.py,471,Command._anthropic,False,Inventory and module triage
networkly_web/ops/management/commands/deploy_preflight.py,479,Command._google_calendar,False,Inventory and module triage
networkly_web/ops/management/commands/deploy_preflight.py,488,Command._media_storage,False,Inventory and module triage
networkly_web/ops/management/commands/deploy_preflight.py,507,Command._beta_capacity,False,Inventory and module triage
networkly_web/ops/management/commands/deploy_preflight.py,523,Command._launch_security,False,Inventory and module triage
networkly_web/ops/models.py,43,JobRun.__str__,False,Inventory and module triage
networkly_web/ops/tracking.py,80,_ping_healthcheck,False,Inventory and module triage
networkly_web/ops/tracking.py,134,JobHeartbeat.__init__,False,Inventory and module triage
networkly_web/ops/tracking.py,138,JobHeartbeat.beat,False,Inventory and module triage
networkly_web/ops/tracking.py,159,JobHeartbeat.failed,False,Inventory and module triage
networkly_web/ops/tracking.py,170,track_job_run,False,Inventory and module triage
networkly_web/ops/views.py,42,health_cron,False,Inventory and module triage
networkly_web/ops/views.py,81,health_gmail,False,Inventory and module triage
